sku,priceCents,nome,compareAtCents,shortBenefit,description,seoTitle,seoDescription
MJOY-0001,6590,5-HTP 50 mg,,Fórmula manipulada para apoiar sono. Qualidade e entrega nacional.,"5-HTP 50 mg é uma fórmula manipulada que pode contribuir para seu bem-estar. Composição: 5-HTP 50 mg. Use conforme orientação do seu médico ou nutricionista. Manter em local seco, longe da luz. Consulte um profissional de saúde antes do uso.",5-HTP 50 mg | Me Joy,5-HTP 50 mg. Fórmula manipulada. Entrega em todo Brasil. Me Joy.
MJOY-0002,6590,Cúrcuma 450 mg,,Fórmula manipulada para apoiar saúde. Qualidade e entrega nacional.,"Cúrcuma 450 mg é uma fórmula manipulada que pode contribuir para seu bem-estar. Composição: Cúrcuma 450 mg. Use conforme orientação do seu médico ou nutricionista. Manter em local seco, longe da luz. Consulte um profissional de saúde antes do uso.",Cúrcuma 450 mg | Me Joy,Cúrcuma 450 mg. Fórmula manipulada. Entrega em todo Brasil. Me Joy.
MJOY-0003,5590,Minoxidil Turbinado 100 mL,,Fórmula manipulada para apoiar cabelo. Qualidade e entrega nacional.,"Minoxidil Turbinado 100 mL é uma fórmula manipulada que pode contribuir para seu bem-estar. Composição: Minoxidil Turbinado 100 mL. Use conforme orientação do seu médico ou nutricionista. Manter em local seco, longe da luz. Consulte um profissional de saúde antes do uso.",Minoxidil Turbinado 100 mL | Me Joy,Minoxidil Turbinado 100 mL. Fórmula manipulada. Entrega em todo Brasil. Me Joy.
MJOY-0004,6590,Morosil 500 mg,,Fórmula manipulada para apoiar emagrecimento & metabolismo. Qualidade e entrega nacional.,"Morosil 500 mg é uma fórmula manipulada que pode contribuir para seu bem-estar. Composição: Morosil 500 mg. Use conforme orientação do seu médico ou nutricionista. Manter em local seco, longe da luz. Consulte um profissional de saúde antes do uso.",Morosil 500 mg | Me Joy,Morosil 500 mg. Fórmula manipulada. Entrega em todo Brasil. Me Joy.
MJOY-0005,8590,Citrato de Magnésio 500 mg,,Fórmula manipulada para apoiar saúde. Qualidade e entrega nacional.,"Citrato de Magnésio 500 mg é uma fórmula manipulada que pode contribuir para seu bem-estar. Composição: Citrato de Magnésio 500 mg. Use conforme orientação do seu médico ou nutricionista. Manter em local seco, longe da luz. Consulte um profissional de saúde antes do uso.",Citrato de Magnésio 500 mg | Me Joy,Citrato de Magnésio 500 mg. Fórmula manipulada. Entrega em todo Brasil. Me Joy.
MJOY-0006,6590,Vitamina D3 2000 UI,,Fórmula manipulada para apoiar imunidade. Qualidade e entrega nacional.,"Vitamina D3 2000 UI é uma fórmula manipulada que pode contribuir para seu bem-estar. Composição: Vitamina D3 2000 UI. Use conforme orientação do seu médico ou nutricionista. Manter em local seco, longe da luz. Consulte um profissional de saúde antes do uso.",Vitamina D3 2000 UI | Me Joy,Vitamina D3 2000 UI. Fórmula manipulada. Entrega em todo Brasil. Me Joy.
MJOY-0007,7990,Silimarina 200 mg,,Fórmula manipulada para apoiar pele & beleza. Qualidade e entrega nacional.,"Silimarina 200 mg é uma fórmula manipulada que pode contribuir para seu bem-estar. Composição: Silimarina 200 mg. Use conforme orientação do seu médico ou nutricionista. Manter em local seco, longe da luz. Consulte um profissional de saúde antes do uso.",Silimarina 200 mg | Me Joy,Silimarina 200 mg. Fórmula manipulada. Entrega em todo Brasil. Me Joy.
MJOY-0008,6590,Saw Palmetto 160 mg,,Fórmula manipulada para apoiar cabelo. Qualidade e entrega nacional.,"Saw Palmetto 160 mg é uma fórmula manipulada que pode contribuir para seu bem-estar. Composição: Saw Palmetto 160 mg. Use conforme orientação do seu médico ou nutricionista. Manter em local seco, longe da luz. Consulte um profissional de saúde antes do uso.",Saw Palmetto 160 mg | Me Joy,Saw Palmetto 160 mg. Fórmula manipulada. Entrega em todo Brasil. Me Joy.
MJOY-0009,6590,Rhodiola Rosea 200 mg,,Fórmula manipulada para apoiar ansiedade & humor. Qualidade e entrega nacional.,"Rhodiola Rosea 200 mg é uma fórmula manipulada que pode contribuir para seu bem-estar. Composição: Rhodiola Rosea 200 mg. Use conforme orientação do seu médico ou nutricionista. Manter em local seco, longe da luz. Consulte um profissional de saúde antes do uso.",Rhodiola Rosea 200 mg | Me Joy,Rhodiola Rosea 200 mg. Fórmula manipulada. Entrega em todo Brasil. Me Joy.
MJOY-0010,8590,Maca Peruana 500 mg,,Fórmula manipulada para apoiar hormonal & libido. Qualidade e entrega nacional.,"Maca Peruana 500 mg é uma fórmula manipulada que pode contribuir para seu bem-estar. Composição: Maca Peruana 500 mg. Use conforme orientação do seu médico ou nutricionista. Manter em local seco, longe da luz. Consulte um profissional de saúde antes do uso.",Maca Peruana 500 mg | Me Joy,Maca Peruana 500 mg. Fórmula manipulada. Entrega em todo Brasil. Me Joy.
MJOY-0011,8590,Tribulus Terrestris 500 mg (40% saponinas),,Fórmula manipulada para apoiar hormonal & libido. Qualidade e entrega nacional.,"Tribulus Terrestris 500 mg (40% saponinas) é uma fórmula manipulada que pode contribuir para seu bem-estar. Composição: Tribulus Terrestris 500 mg (40% saponinas). Use conforme orientação do seu médico ou nutricionista. Manter em local seco, longe da luz. Consulte um profissional de saúde antes do uso.",Tribulus Terrestris 500 mg (40% saponinas) | Me Joy,Tribulus Terrestris 500 mg (40% saponinas). Fórmula manipulada. Entrega em todo Brasil. Me Joy.
MJOY-0012,7990,Cafeína 420 mg,,Fórmula manipulada para apoiar energia & performance. Qualidade e entrega nacional.,"Cafeína 420 mg é uma fórmula manipulada que pode contribuir para seu bem-estar. Composição: Cafeína 420 mg. Use conforme orientação do seu médico ou nutricionista. Manter em local seco, longe da luz. Consulte um profissional de saúde antes do uso.",Cafeína 420 mg | Me Joy,Cafeína 420 mg. Fórmula manipulada. Entrega em todo Brasil. Me Joy.
MJOY-0013,10290,Berberina 500 mg,,Fórmula manipulada para apoiar emagrecimento & metabolismo. Qualidade e entrega nacional.,"Berberina 500 mg é uma fórmula manipulada que pode contribuir para seu bem-estar. Composição: Berberina 500 mg. Use conforme orientação do seu médico ou nutricionista. Manter em local seco, longe da luz. Consulte um profissional de saúde antes do uso.",Berberina 500 mg | Me Joy,Berberina 500 mg. Fórmula manipulada. Entrega em todo Brasil. Me Joy.
MJOY-0014,6590,Picolinato de Cromo 200 mcg,,Fórmula manipulada para apoiar emagrecimento & metabolismo. Qualidade e entrega nacional.,"Picolinato de Cromo 200 mcg é uma fórmula manipulada que pode contribuir para seu bem-estar. Composição: Picolinato de Cromo 200 mcg. Use conforme orientação do seu médico ou nutricionista. Manter em local seco, longe da luz. Consulte um profissional de saúde antes do uso.",Picolinato de Cromo 200 mcg | Me Joy,Picolinato de Cromo 200 mcg. Fórmula manipulada. Entrega em todo Brasil. Me Joy.
MJOY-0015,6590,Multivitamínico A-Z,,Fórmula manipulada para apoiar imunidade. Qualidade e entrega nacional.,"Multivitamínico A-Z é uma fórmula manipulada que pode contribuir para seu bem-estar. Composição: Multivitamínico A-Z. Use conforme orientação do seu médico ou nutricionista. Manter em local seco, longe da luz. Consulte um profissional de saúde antes do uso.",Multivitamínico A-Z | Me Joy,Multivitamínico A-Z. Fórmula manipulada. Entrega em todo Brasil. Me Joy.
MJOY-0016,6590,Inositol 500 mg,,Fórmula manipulada para apoiar ansiedade & humor. Qualidade e entrega nacional.,"Inositol 500 mg é uma fórmula manipulada que pode contribuir para seu bem-estar. Composição: Inositol 500 mg. Use conforme orientação do seu médico ou nutricionista. Manter em local seco, longe da luz. Consulte um profissional de saúde antes do uso.",Inositol 500 mg | Me Joy,Inositol 500 mg. Fórmula manipulada. Entrega em todo Brasil. Me Joy.
MJOY-0017,10290,Coenzima Q10 100 mg,,Fórmula manipulada para apoiar energia & performance. Qualidade e entrega nacional.,"Coenzima Q10 100 mg é uma fórmula manipulada que pode contribuir para seu bem-estar. Composição: Coenzima Q10 100 mg. Use conforme orientação do seu médico ou nutricionista. Manter em local seco, longe da luz. Consulte um profissional de saúde antes do uso.",Coenzima Q10 100 mg | Me Joy,Coenzima Q10 100 mg. Fórmula manipulada. Entrega em todo Brasil. Me Joy.
MJOY-0018,7990,NAC 600 mg,,Fórmula manipulada para apoiar pele & beleza. Qualidade e entrega nacional.,"NAC 600 mg é uma fórmula manipulada que pode contribuir para seu bem-estar. Composição: NAC 600 mg. Use conforme orientação do seu médico ou nutricionista. Manter em local seco, longe da luz. Consulte um profissional de saúde antes do uso.",NAC 600 mg | Me Joy,NAC 600 mg. Fórmula manipulada. Entrega em todo Brasil. Me Joy.
MJOY-0019,8590,Quercetina 500 mg,,Fórmula manipulada para apoiar imunidade. Qualidade e entrega nacional.,"Quercetina 500 mg é uma fórmula manipulada que pode contribuir para seu bem-estar. Composição: Quercetina 500 mg. Use conforme orientação do seu médico ou nutricionista. Manter em local seco, longe da luz. Consulte um profissional de saúde antes do uso.",Quercetina 500 mg | Me Joy,Quercetina 500 mg. Fórmula manipulada. Entrega em todo Brasil. Me Joy.
MJOY-0020,6590,Ômega-3 (EPA/DHA),,Fórmula manipulada para apoiar articulações. Qualidade e entrega nacional.,"Ômega-3 (EPA/DHA) é uma fórmula manipulada que pode contribuir para seu bem-estar. Composição: Ômega-3 (EPA/DHA). Use conforme orientação do seu médico ou nutricionista. Manter em local seco, longe da luz. Consulte um profissional de saúde antes do uso.",Ômega-3 (EPA/DHA) | Me Joy,Ômega-3 (EPA/DHA). Fórmula manipulada. Entrega em todo Brasil. Me Joy.
MJOY-0021,8590,Colágeno Hidrolisado,,Fórmula manipulada para apoiar pele & beleza. Qualidade e entrega nacional.,"Colágeno Hidrolisado é uma fórmula manipulada que pode contribuir para seu bem-estar. Composição: Colágeno Hidrolisado. Use conforme orientação do seu médico ou nutricionista. Manter em local seco, longe da luz. Consulte um profissional de saúde antes do uso.",Colágeno Hidrolisado | Me Joy,Colágeno Hidrolisado. Fórmula manipulada. Entrega em todo Brasil. Me Joy.
MJOY-0022,7990,Biotina 5 mg,,Fórmula manipulada para apoiar pele & beleza. Qualidade e entrega nacional.,"Biotina 5 mg é uma fórmula manipulada que pode contribuir para seu bem-estar. Composição: Biotina 5 mg. Use conforme orientação do seu médico ou nutricionista. Manter em local seco, longe da luz. Consulte um profissional de saúde antes do uso.",Biotina 5 mg | Me Joy,Biotina 5 mg. Fórmula manipulada. Entrega em todo Brasil. Me Joy.
MJOY-0023,7990,Zinco 30 mg,,Fórmula manipulada para apoiar imunidade. Qualidade e entrega nacional.,"Zinco 30 mg é uma fórmula manipulada que pode contribuir para seu bem-estar. Composição: Zinco 30 mg. Use conforme orientação do seu médico ou nutricionista. Manter em local seco, longe da luz. Consulte um profissional de saúde antes do uso.",Zinco 30 mg | Me Joy,Zinco 30 mg. Fórmula manipulada. Entrega em todo Brasil. Me Joy.
MJOY-0024,6590,Vitamina C 1000 mg,,Fórmula manipulada para apoiar imunidade. Qualidade e entrega nacional.,"Vitamina C 1000 mg é uma fórmula manipulada que pode contribuir para seu bem-estar. Composição: Vitamina C 1000 mg. Use conforme orientação do seu médico ou nutricionista. Manter em local seco, longe da luz. Consulte um profissional de saúde antes do uso.",Vitamina C 1000 mg | Me Joy,Vitamina C 1000 mg. Fórmula manipulada. Entrega em todo Brasil. Me Joy.
MJOY-0025,6590,Creatina Monohidratada 200 g,,Fórmula manipulada para apoiar energia & performance. Qualidade e entrega nacional.,"Creatina Monohidratada 200 g é uma fórmula manipulada que pode contribuir para seu bem-estar. Composição: Creatina Monohidratada 200 g. Use conforme orientação do seu médico ou nutricionista. Manter em local seco, longe da luz. Consulte um profissional de saúde antes do uso.",Creatina Monohidratada 200 g | Me Joy,Creatina Monohidratada 200 g. Fórmula manipulada. Entrega em todo Brasil. Me Joy.
MJOY-0026,6590,Beta Alanina 3.2 g,,Fórmula manipulada para apoiar energia & performance. Qualidade e entrega nacional.,"Beta Alanina 3.2 g é uma fórmula manipulada que pode contribuir para seu bem-estar. Composição: Beta Alanina 3.2 g. Use conforme orientação do seu médico ou nutricionista. Manter em local seco, longe da luz. Consulte um profissional de saúde antes do uso.",Beta Alanina 3.2 g | Me Joy,Beta Alanina 3.2 g. Fórmula manipulada. Entrega em todo Brasil. Me Joy.
MJOY-0027,7290,Psyllium 300 g,,Fórmula manipulada para apoiar emagrecimento & metabolismo. Qualidade e entrega nacional.,"Psyllium 300 g é uma fórmula manipulada que pode contribuir para seu bem-estar. Composição: Psyllium 300 g. Use conforme orientação do seu médico ou nutricionista. Manter em local seco, longe da luz. Consulte um profissional de saúde antes do uso.",Psyllium 300 g | Me Joy,Psyllium 300 g. Fórmula manipulada. Entrega em todo Brasil. Me Joy.
MJOY-0028,6590,Glutamina 300 g,,Fórmula manipulada para apoiar intestino. Qualidade e entrega nacional.,"Glutamina 300 g é uma fórmula manipulada que pode contribuir para seu bem-estar. Composição: Glutamina 300 g. Use conforme orientação do seu médico ou nutricionista. Manter em local seco, longe da luz. Consulte um profissional de saúde antes do uso.",Glutamina 300 g | Me Joy,Glutamina 300 g. Fórmula manipulada. Entrega em todo Brasil. Me Joy.
MJOY-0029,7990,Valeriana 300 mg,,Fórmula manipulada para apoiar sono. Qualidade e entrega nacional.,"Valeriana 300 mg é uma fórmula manipulada que pode contribuir para seu bem-estar. Composição: Valeriana 300 mg. Use conforme orientação do seu médico ou nutricionista. Manter em local seco, longe da luz. Consulte um profissional de saúde antes do uso.",Valeriana 300 mg | Me Joy,Valeriana 300 mg. Fórmula manipulada. Entrega em todo Brasil. Me Joy.
MJOY-0030,6590,Passiflora 300 mg,,Fórmula manipulada para apoiar sono. Qualidade e entrega nacional.,"Passiflora 300 mg é uma fórmula manipulada que pode contribuir para seu bem-estar. Composição: Passiflora 300 mg. Use conforme orientação do seu médico ou nutricionista. Manter em local seco, longe da luz. Consulte um profissional de saúde antes do uso.",Passiflora 300 mg | Me Joy,Passiflora 300 mg. Fórmula manipulada. Entrega em todo Brasil. Me Joy.
MJOY-0031,7890,Resveratrol 500 mg,,Fórmula manipulada para apoiar detox & fígado. Qualidade e entrega nacional.,"Resveratrol 500 mg é uma fórmula manipulada que pode contribuir para seu bem-estar. Composição: Resveratrol 500 mg. Use conforme orientação do seu médico ou nutricionista. Manter em local seco, longe da luz. Consulte um profissional de saúde antes do uso.",Resveratrol 500 mg | Me Joy,Resveratrol 500 mg. Fórmula manipulada. Entrega em todo Brasil. Me Joy.
MJOY-0032,7990,Citrulina 500 mg,,Fórmula manipulada para apoiar energia & performance. Qualidade e entrega nacional.,"Citrulina 500 mg é uma fórmula manipulada que pode contribuir para seu bem-estar. Composição: Citrulina 500 mg. Use conforme orientação do seu médico ou nutricionista. Manter em local seco, longe da luz. Consulte um profissional de saúde antes do uso.",Citrulina 500 mg | Me Joy,Citrulina 500 mg. Fórmula manipulada. Entrega em todo Brasil. Me Joy.
MJOY-0033,6590,Glutamina 500 mg,,Fórmula manipulada para apoiar intestino. Qualidade e entrega nacional.,"Glutamina 500 mg é uma fórmula manipulada que pode contribuir para seu bem-estar. Composição: Glutamina 500 mg. Use conforme orientação do seu médico ou nutricionista. Manter em local seco, longe da luz. Consulte um profissional de saúde antes do uso.",Glutamina 500 mg | Me Joy,Glutamina 500 mg. Fórmula manipulada. Entrega em todo Brasil. Me Joy.
MJOY-0034,6590,Colina 100 mg,,Fórmula manipulada para apoiar detox & fígado. Qualidade e entrega nacional.,"Colina 100 mg é uma fórmula manipulada que pode contribuir para seu bem-estar. Composição: Colina 100 mg. Use conforme orientação do seu médico ou nutricionista. Manter em local seco, longe da luz. Consulte um profissional de saúde antes do uso.",Colina 100 mg | Me Joy,Colina 100 mg. Fórmula manipulada. Entrega em todo Brasil. Me Joy.
MJOY-0035,6590,Inibidor De Apetite (Fibras) 100 mg,,Fórmula manipulada para apoiar emagrecimento & metabolismo. Qualidade e entrega nacional.,"Inibidor De Apetite (Fibras) 100 mg é uma fórmula manipulada que pode contribuir para seu bem-estar. Composição: Inibidor De Apetite (Fibras) 100 mg. Use conforme orientação do seu médico ou nutricionista. Manter em local seco, longe da luz. Consulte um profissional de saúde antes do uso.",Inibidor De Apetite (Fibras) 100 mg | Me Joy,Inibidor De Apetite (Fibras) 100 mg. Fórmula manipulada. Entrega em todo Brasil. Me Joy.
MJOY-0036,6590,Inositol 500 mg,,Fórmula manipulada para apoiar ansiedade & humor. Qualidade e entrega nacional.,"Inositol 500 mg é uma fórmula manipulada que pode contribuir para seu bem-estar. Composição: Inositol 500 mg. Use conforme orientação do seu médico ou nutricionista. Manter em local seco, longe da luz. Consulte um profissional de saúde antes do uso.",Inositol 500 mg | Me Joy,Inositol 500 mg. Fórmula manipulada. Entrega em todo Brasil. Me Joy.
MJOY-0037,5590,Taurina 5% + ativos,,Fórmula manipulada para apoiar energia & performance. Qualidade e entrega nacional.,"Taurina 5% + ativos é uma fórmula manipulada que pode contribuir para seu bem-estar. Composição: Taurina 5% + ativos. Use conforme orientação do seu médico ou nutricionista. Manter em local seco, longe da luz. Consulte um profissional de saúde antes do uso.",Taurina 5% + ativos | Me Joy,Taurina 5% + ativos. Fórmula manipulada. Entrega em todo Brasil. Me Joy.
MJOY-0038,5590,L-Carnitina 5% + ativos,,Fórmula manipulada para apoiar energia & performance. Qualidade e entrega nacional.,"L-Carnitina 5% + ativos é uma fórmula manipulada que pode contribuir para seu bem-estar. Composição: L-Carnitina 5% + ativos. Use conforme orientação do seu médico ou nutricionista. Manter em local seco, longe da luz. Consulte um profissional de saúde antes do uso.",L-Carnitina 5% + ativos | Me Joy,L-Carnitina 5% + ativos. Fórmula manipulada. Entrega em todo Brasil. Me Joy.
MJOY-0039,8590,5-HTP,,Fórmula manipulada para apoiar ansiedade & humor. Qualidade e entrega nacional.,"5-HTP é uma fórmula manipulada que pode contribuir para seu bem-estar. Composição: 5-HTP. Use conforme orientação do seu médico ou nutricionista. Manter em local seco, longe da luz. Consulte um profissional de saúde antes do uso.",5-HTP | Me Joy,5-HTP. Fórmula manipulada. Entrega em todo Brasil. Me Joy.
MJOY-0040,5590,Glicina 5% + ativos,,Fórmula manipulada para apoiar sono. Qualidade e entrega nacional.,"Glicina 5% + ativos é uma fórmula manipulada que pode contribuir para seu bem-estar. Composição: Glicina 5% + ativos. Use conforme orientação do seu médico ou nutricionista. Manter em local seco, longe da luz. Consulte um profissional de saúde antes do uso.",Glicina 5% + ativos | Me Joy,Glicina 5% + ativos. Fórmula manipulada. Entrega em todo Brasil. Me Joy.
MJOY-0041,5590,L-Teanina 5% + ativos,,Fórmula manipulada para apoiar sono. Qualidade e entrega nacional.,"L-Teanina 5% + ativos é uma fórmula manipulada que pode contribuir para seu bem-estar. Composição: L-Teanina 5% + ativos. Use conforme orientação do seu médico ou nutricionista. Manter em local seco, longe da luz. Consulte um profissional de saúde antes do uso.",L-Teanina 5% + ativos | Me Joy,L-Teanina 5% + ativos. Fórmula manipulada. Entrega em todo Brasil. Me Joy.
MJOY-0042,6590,Multivitamínico 100 mg,,Fórmula manipulada para apoiar imunidade. Qualidade e entrega nacional.,"Multivitamínico 100 mg é uma fórmula manipulada que pode contribuir para seu bem-estar. Composição: Multivitamínico 100 mg. Use conforme orientação do seu médico ou nutricionista. Manter em local seco, longe da luz. Consulte um profissional de saúde antes do uso.",Multivitamínico 100 mg | Me Joy,Multivitamínico 100 mg. Fórmula manipulada. Entrega em todo Brasil. Me Joy.
MJOY-0043,6590,Glicina 100 mg,,Fórmula manipulada para apoiar sono. Qualidade e entrega nacional.,"Glicina 100 mg é uma fórmula manipulada que pode contribuir para seu bem-estar. Composição: Glicina 100 mg. Use conforme orientação do seu médico ou nutricionista. Manter em local seco, longe da luz. Consulte um profissional de saúde antes do uso.",Glicina 100 mg | Me Joy,Glicina 100 mg. Fórmula manipulada. Entrega em todo Brasil. Me Joy.
MJOY-0044,6590,Cactin 500 mg,,Fórmula manipulada para apoiar emagrecimento & metabolismo. Qualidade e entrega nacional.,"Cactin 500 mg é uma fórmula manipulada que pode contribuir para seu bem-estar. Composição: Cactin 500 mg. Use conforme orientação do seu médico ou nutricionista. Manter em local seco, longe da luz. Consulte um profissional de saúde antes do uso.",Cactin 500 mg | Me Joy,Cactin 500 mg. Fórmula manipulada. Entrega em todo Brasil. Me Joy.
MJOY-0045,6590,Vitamina D3 5.000 UI,,Fórmula manipulada para apoiar imunidade. Qualidade e entrega nacional.,"Vitamina D3 5.000 UI é uma fórmula manipulada que pode contribuir para seu bem-estar. Composição: Vitamina D3 5.000 UI. Use conforme orientação do seu médico ou nutricionista. Manter em local seco, longe da luz. Consulte um profissional de saúde antes do uso.",Vitamina D3 5.000 UI | Me Joy,Vitamina D3 5.000 UI. Fórmula manipulada. Entrega em todo Brasil. Me Joy.
MJOY-0046,6590,Glutamina 100 mg,,Fórmula manipulada para apoiar intestino. Qualidade e entrega nacional.,"Glutamina 100 mg é uma fórmula manipulada que pode contribuir para seu bem-estar. Composição: Glutamina 100 mg. Use conforme orientação do seu médico ou nutricionista. Manter em local seco, longe da luz. Consulte um profissional de saúde antes do uso.",Glutamina 100 mg | Me Joy,Glutamina 100 mg. Fórmula manipulada. Entrega em todo Brasil. Me Joy.
MJOY-0047,5590,Taurina 5% + ativos,,Fórmula manipulada para apoiar detox & fígado. Qualidade e entrega nacional.,"Taurina 5% + ativos é uma fórmula manipulada que pode contribuir para seu bem-estar. Composição: Taurina 5% + ativos. Use conforme orientação do seu médico ou nutricionista. Manter em local seco, longe da luz. Consulte um profissional de saúde antes do uso.",Taurina 5% + ativos | Me Joy,Taurina 5% + ativos. Fórmula manipulada. Entrega em todo Brasil. Me Joy.
MJOY-0048,5590,Psyllium 300 g,,Fórmula manipulada para apoiar intestino. Qualidade e entrega nacional.,"Psyllium 300 g é uma fórmula manipulada que pode contribuir para seu bem-estar. Composição: Psyllium 300 g. Use conforme orientação do seu médico ou nutricionista. Manter em local seco, longe da luz. Consulte um profissional de saúde antes do uso.",Psyllium 300 g | Me Joy,Psyllium 300 g. Fórmula manipulada. Entrega em todo Brasil. Me Joy.
MJOY-0049,6590,Taurina 100 mg,,Fórmula manipulada para apoiar detox & fígado. Qualidade e entrega nacional.,"Taurina 100 mg é uma fórmula manipulada que pode contribuir para seu bem-estar. Composição: Taurina 100 mg. Use conforme orientação do seu médico ou nutricionista. Manter em local seco, longe da luz. Consulte um profissional de saúde antes do uso.",Taurina 100 mg | Me Joy,Taurina 100 mg. Fórmula manipulada. Entrega em todo Brasil. Me Joy.
MJOY-0050,6590,Rhodiola Rosea 200 mg,,Fórmula manipulada para apoiar ansiedade & humor. Qualidade e entrega nacional.,"Rhodiola Rosea 200 mg é uma fórmula manipulada que pode contribuir para seu bem-estar. Composição: Rhodiola Rosea 200 mg. Use conforme orientação do seu médico ou nutricionista. Manter em local seco, longe da luz. Consulte um profissional de saúde antes do uso.",Rhodiola Rosea 200 mg | Me Joy,Rhodiola Rosea 200 mg. Fórmula manipulada. Entrega em todo Brasil. Me Joy.
MJOY-0051,6590,Creatina 200 g,,Fórmula manipulada para apoiar energia & performance. Qualidade e entrega nacional.,"Creatina 200 g é uma fórmula manipulada que pode contribuir para seu bem-estar. Composição: Creatina 200 g. Use conforme orientação do seu médico ou nutricionista. Manter em local seco, longe da luz. Consulte um profissional de saúde antes do uso.",Creatina 200 g | Me Joy,Creatina 200 g. Fórmula manipulada. Entrega em todo Brasil. Me Joy.
MJOY-0052,5590,Glicina 5% + ativos,,Fórmula manipulada para apoiar sono. Qualidade e entrega nacional.,"Glicina 5% + ativos é uma fórmula manipulada que pode contribuir para seu bem-estar. Composição: Glicina 5% + ativos. Use conforme orientação do seu médico ou nutricionista. Manter em local seco, longe da luz. Consulte um profissional de saúde antes do uso.",Glicina 5% + ativos | Me Joy,Glicina 5% + ativos. Fórmula manipulada. Entrega em todo Brasil. Me Joy.
MJOY-0053,8590,L-Teanina,,Fórmula manipulada para apoiar sono. Qualidade e entrega nacional.,"L-Teanina é uma fórmula manipulada que pode contribuir para seu bem-estar. Composição: L-Teanina. Use conforme orientação do seu médico ou nutricionista. Manter em local seco, longe da luz. Consulte um profissional de saúde antes do uso.",L-Teanina | Me Joy,L-Teanina. Fórmula manipulada. Entrega em todo Brasil. Me Joy.
MJOY-0054,6590,Própolis 100 mg,,Fórmula manipulada para apoiar imunidade. Qualidade e entrega nacional.,"Própolis 100 mg é uma fórmula manipulada que pode contribuir para seu bem-estar. Composição: Própolis 100 mg. Use conforme orientação do seu médico ou nutricionista. Manter em local seco, longe da luz. Consulte um profissional de saúde antes do uso.",Própolis 100 mg | Me Joy,Própolis 100 mg. Fórmula manipulada. Entrega em todo Brasil. Me Joy.
MJOY-0055,5590,Vitamina D3 5% + ativos,,Fórmula manipulada para apoiar imunidade. Qualidade e entrega nacional.,"Vitamina D3 5% + ativos é uma fórmula manipulada que pode contribuir para seu bem-estar. Composição: Vitamina D3 5% + ativos. Use conforme orientação do seu médico ou nutricionista. Manter em local seco, longe da luz. Consulte um profissional de saúde antes do uso.",Vitamina D3 5% + ativos | Me Joy,Vitamina D3 5% + ativos. Fórmula manipulada. Entrega em todo Brasil. Me Joy.
MJOY-0056,7990,Tribulus Terrestris 500 mg (40% saponinas),,Fórmula manipulada para apoiar hormonal & libido. Qualidade e entrega nacional.,"Tribulus Terrestris 500 mg (40% saponinas) é uma fórmula manipulada que pode contribuir para seu bem-estar. Composição: Tribulus Terrestris 500 mg (40% saponinas). Use conforme orientação do seu médico ou nutricionista. Manter em local seco, longe da luz. Consulte um profissional de saúde antes do uso.",Tribulus Terrestris 500 mg (40% saponinas) | Me Joy,Tribulus Terrestris 500 mg (40% saponinas). Fórmula manipulada. Entrega em todo Brasil. Me Joy.
MJOY-0057,6590,Biotina 5 mg,,Fórmula manipulada para apoiar cabelo. Qualidade e entrega nacional.,"Biotina 5 mg é uma fórmula manipulada que pode contribuir para seu bem-estar. Composição: Biotina 5 mg. Use conforme orientação do seu médico ou nutricionista. Manter em local seco, longe da luz. Consulte um profissional de saúde antes do uso.",Biotina 5 mg | Me Joy,Biotina 5 mg. Fórmula manipulada. Entrega em todo Brasil. Me Joy.
MJOY-0058,5590,Melatonina 5% + ativos,,Fórmula manipulada para apoiar sono. Qualidade e entrega nacional.,"Melatonina 5% + ativos é uma fórmula manipulada que pode contribuir para seu bem-estar. Composição: Melatonina 5% + ativos. Use conforme orientação do seu médico ou nutricionista. Manter em local seco, longe da luz. Consulte um profissional de saúde antes do uso.",Melatonina 5% + ativos | Me Joy,Melatonina 5% + ativos. Fórmula manipulada. Entrega em todo Brasil. Me Joy.
MJOY-0059,5590,Picolinato De Cromo 5% + ativos,,Fórmula manipulada para apoiar emagrecimento & metabolismo. Qualidade e entrega nacional.,"Picolinato De Cromo 5% + ativos é uma fórmula manipulada que pode contribuir para seu bem-estar. Composição: Picolinato De Cromo 5% + ativos. Use conforme orientação do seu médico ou nutricionista. Manter em local seco, longe da luz. Consulte um profissional de saúde antes do uso.",Picolinato De Cromo 5% + ativos | Me Joy,Picolinato De Cromo 5% + ativos. Fórmula manipulada. Entrega em todo Brasil. Me Joy.
MJOY-0060,6590,Rhodiola Rosea 200 mg,,Fórmula manipulada para apoiar ansiedade & humor. Qualidade e entrega nacional.,"Rhodiola Rosea 200 mg é uma fórmula manipulada que pode contribuir para seu bem-estar. Composição: Rhodiola Rosea 200 mg. Use conforme orientação do seu médico ou nutricionista. Manter em local seco, longe da luz. Consulte um profissional de saúde antes do uso.",Rhodiola Rosea 200 mg | Me Joy,Rhodiola Rosea 200 mg. Fórmula manipulada. Entrega em todo Brasil. Me Joy.
MJOY-0061,6590,Enzimas Digestivas 300 mg,,Fórmula manipulada para apoiar intestino. Qualidade e entrega nacional.,"Enzimas Digestivas 300 mg é uma fórmula manipulada que pode contribuir para seu bem-estar. Composição: Enzimas Digestivas 300 mg. Use conforme orientação do seu médico ou nutricionista. Manter em local seco, longe da luz. Consulte um profissional de saúde antes do uso.",Enzimas Digestivas 300 mg | Me Joy,Enzimas Digestivas 300 mg. Fórmula manipulada. Entrega em todo Brasil. Me Joy.
MJOY-0062,5590,Inulina 300 mg,,Fórmula manipulada para apoiar intestino. Qualidade e entrega nacional.,"Inulina 300 mg é uma fórmula manipulada que pode contribuir para seu bem-estar. Composição: Inulina 300 mg. Use conforme orientação do seu médico ou nutricionista. Manter em local seco, longe da luz. Consulte um profissional de saúde antes do uso.",Inulina 300 mg | Me Joy,Inulina 300 mg. Fórmula manipulada. Entrega em todo Brasil. Me Joy.
MJOY-0063,6590,Cactin 300 mg,,Fórmula manipulada para apoiar emagrecimento & metabolismo. Qualidade e entrega nacional.,"Cactin 300 mg é uma fórmula manipulada que pode contribuir para seu bem-estar. Composição: Cactin 300 mg. Use conforme orientação do seu médico ou nutricionista. Manter em local seco, longe da luz. Consulte um profissional de saúde antes do uso.",Cactin 300 mg | Me Joy,Cactin 300 mg. Fórmula manipulada. Entrega em todo Brasil. Me Joy.
MJOY-0064,8590,Probiótico,,Fórmula manipulada para apoiar intestino. Qualidade e entrega nacional.,"Probiótico é uma fórmula manipulada que pode contribuir para seu bem-estar. Composição: Probiótico. Use conforme orientação do seu médico ou nutricionista. Manter em local seco, longe da luz. Consulte um profissional de saúde antes do uso.",Probiótico | Me Joy,Probiótico. Fórmula manipulada. Entrega em todo Brasil. Me Joy.
MJOY-0065,6590,Butirato 100 mg,,Fórmula manipulada para apoiar intestino. Qualidade e entrega nacional.,"Butirato 100 mg é uma fórmula manipulada que pode contribuir para seu bem-estar. Composição: Butirato 100 mg. Use conforme orientação do seu médico ou nutricionista. Manter em local seco, longe da luz. Consulte um profissional de saúde antes do uso.",Butirato 100 mg | Me Joy,Butirato 100 mg. Fórmula manipulada. Entrega em todo Brasil. Me Joy.
MJOY-0066,5590,Psyllium 300 g,,Fórmula manipulada para apoiar intestino. Qualidade e entrega nacional.,"Psyllium 300 g é uma fórmula manipulada que pode contribuir para seu bem-estar. Composição: Psyllium 300 g. Use conforme orientação do seu médico ou nutricionista. Manter em local seco, longe da luz. Consulte um profissional de saúde antes do uso.",Psyllium 300 g | Me Joy,Psyllium 300 g. Fórmula manipulada. Entrega em todo Brasil. Me Joy.
MJOY-0067,8590,Morosil,,Fórmula manipulada para apoiar emagrecimento & metabolismo. Qualidade e entrega nacional.,"Morosil é uma fórmula manipulada que pode contribuir para seu bem-estar. Composição: Morosil. Use conforme orientação do seu médico ou nutricionista. Manter em local seco, longe da luz. Consulte um profissional de saúde antes do uso.",Morosil | Me Joy,Morosil. Fórmula manipulada. Entrega em todo Brasil. Me Joy.
MJOY-0068,8590,Creatina,,Fórmula manipulada para apoiar energia & performance. Qualidade e entrega nacional.,"Creatina é uma fórmula manipulada que pode contribuir para seu bem-estar. Composição: Creatina. Use conforme orientação do seu médico ou nutricionista. Manter em local seco, longe da luz. Consulte um profissional de saúde antes do uso.",Creatina | Me Joy,Creatina. Fórmula manipulada. Entrega em todo Brasil. Me Joy.
MJOY-0069,7990,Colágeno 100 mg,,Fórmula manipulada para apoiar cabelo. Qualidade e entrega nacional.,"Colágeno 100 mg é uma fórmula manipulada que pode contribuir para seu bem-estar. Composição: Colágeno 100 mg. Use conforme orientação do seu médico ou nutricionista. Manter em local seco, longe da luz. Consulte um profissional de saúde antes do uso.",Colágeno 100 mg | Me Joy,Colágeno 100 mg. Fórmula manipulada. Entrega em todo Brasil. Me Joy.
MJOY-0070,6590,Silimarina 500 mg,,Fórmula manipulada para apoiar detox & fígado. Qualidade e entrega nacional.,"Silimarina 500 mg é uma fórmula manipulada que pode contribuir para seu bem-estar. Composição: Silimarina 500 mg. Use conforme orientação do seu médico ou nutricionista. Manter em local seco, longe da luz. Consulte um profissional de saúde antes do uso.",Silimarina 500 mg | Me Joy,Silimarina 500 mg. Fórmula manipulada. Entrega em todo Brasil. Me Joy.
MJOY-0071,6590,Tribulus Terrestris 500 mg (40% saponinas),,Fórmula manipulada para apoiar hormonal & libido. Qualidade e entrega nacional.,"Tribulus Terrestris 500 mg (40% saponinas) é uma fórmula manipulada que pode contribuir para seu bem-estar. Composição: Tribulus Terrestris 500 mg (40% saponinas). Use conforme orientação do seu médico ou nutricionista. Manter em local seco, longe da luz. Consulte um profissional de saúde antes do uso.",Tribulus Terrestris 500 mg (40% saponinas) | Me Joy,Tribulus Terrestris 500 mg (40% saponinas). Fórmula manipulada. Entrega em todo Brasil. Me Joy.
MJOY-0072,7990,Colina 500 mg,,Fórmula manipulada para apoiar detox & fígado. Qualidade e entrega nacional.,"Colina 500 mg é uma fórmula manipulada que pode contribuir para seu bem-estar. Composição: Colina 500 mg. Use conforme orientação do seu médico ou nutricionista. Manter em local seco, longe da luz. Consulte um profissional de saúde antes do uso.",Colina 500 mg | Me Joy,Colina 500 mg. Fórmula manipulada. Entrega em todo Brasil. Me Joy.
MJOY-0073,6590,Colágeno 300 mg,,Fórmula manipulada para apoiar cabelo. Qualidade e entrega nacional.,"Colágeno 300 mg é uma fórmula manipulada que pode contribuir para seu bem-estar. Composição: Colágeno 300 mg. Use conforme orientação do seu médico ou nutricionista. Manter em local seco, longe da luz. Consulte um profissional de saúde antes do uso.",Colágeno 300 mg | Me Joy,Colágeno 300 mg. Fórmula manipulada. Entrega em todo Brasil. Me Joy.
MJOY-0074,6590,Butirato 500 mg,,Fórmula manipulada para apoiar intestino. Qualidade e entrega nacional.,"Butirato 500 mg é uma fórmula manipulada que pode contribuir para seu bem-estar. Composição: Butirato 500 mg. Use conforme orientação do seu médico ou nutricionista. Manter em local seco, longe da luz. Consulte um profissional de saúde antes do uso.",Butirato 500 mg | Me Joy,Butirato 500 mg. Fórmula manipulada. Entrega em todo Brasil. Me Joy.
MJOY-0075,6590,Valeriana 500 mg,,Fórmula manipulada para apoiar sono. Qualidade e entrega nacional.,"Valeriana 500 mg é uma fórmula manipulada que pode contribuir para seu bem-estar. Composição: Valeriana 500 mg. Use conforme orientação do seu médico ou nutricionista. Manter em local seco, longe da luz. Consulte um profissional de saúde antes do uso.",Valeriana 500 mg | Me Joy,Valeriana 500 mg. Fórmula manipulada. Entrega em todo Brasil. Me Joy.
MJOY-0076,5590,Psyllium 300 g,,Fórmula manipulada para apoiar intestino. Qualidade e entrega nacional.,"Psyllium 300 g é uma fórmula manipulada que pode contribuir para seu bem-estar. Composição: Psyllium 300 g. Use conforme orientação do seu médico ou nutricionista. Manter em local seco, longe da luz. Consulte um profissional de saúde antes do uso.",Psyllium 300 g | Me Joy,Psyllium 300 g. Fórmula manipulada. Entrega em todo Brasil. Me Joy.
MJOY-0077,8590,Silimarina,,Fórmula manipulada para apoiar pele & beleza. Qualidade e entrega nacional.,"Silimarina é uma fórmula manipulada que pode contribuir para seu bem-estar. Composição: Silimarina. Use conforme orientação do seu médico ou nutricionista. Manter em local seco, longe da luz. Consulte um profissional de saúde antes do uso.",Silimarina | Me Joy,Silimarina. Fórmula manipulada. Entrega em todo Brasil. Me Joy.
MJOY-0078,7890,Boswellia 500 mg,,Fórmula manipulada para apoiar articulações. Qualidade e entrega nacional.,"Boswellia 500 mg é uma fórmula manipulada que pode contribuir para seu bem-estar. Composição: Boswellia 500 mg. Use conforme orientação do seu médico ou nutricionista. Manter em local seco, longe da luz. Consulte um profissional de saúde antes do uso.",Boswellia 500 mg | Me Joy,Boswellia 500 mg. Fórmula manipulada. Entrega em todo Brasil. Me Joy.
MJOY-0079,6590,Inibidor De Apetite (Fibras) 100 mg,,Fórmula manipulada para apoiar emagrecimento & metabolismo. Qualidade e entrega nacional.,"Inibidor De Apetite (Fibras) 100 mg é uma fórmula manipulada que pode contribuir para seu bem-estar. Composição: Inibidor De Apetite (Fibras) 100 mg. Use conforme orientação do seu médico ou nutricionista. Manter em local seco, longe da luz. Consulte um profissional de saúde antes do uso.",Inibidor De Apetite (Fibras) 100 mg | Me Joy,Inibidor De Apetite (Fibras) 100 mg. Fórmula manipulada. Entrega em todo Brasil. Me Joy.
MJOY-0080,6590,Enzimas Digestivas 100 mg,,Fórmula manipulada para apoiar intestino. Qualidade e entrega nacional.,"Enzimas Digestivas 100 mg é uma fórmula manipulada que pode contribuir para seu bem-estar. Composição: Enzimas Digestivas 100 mg. Use conforme orientação do seu médico ou nutricionista. Manter em local seco, longe da luz. Consulte um profissional de saúde antes do uso.",Enzimas Digestivas 100 mg | Me Joy,Enzimas Digestivas 100 mg. Fórmula manipulada. Entrega em todo Brasil. Me Joy.
MJOY-0081,6590,Inibidor De Apetite (Fibras) 300 mg,,Fórmula manipulada para apoiar emagrecimento & metabolismo. Qualidade e entrega nacional.,"Inibidor De Apetite (Fibras) 300 mg é uma fórmula manipulada que pode contribuir para seu bem-estar. Composição: Inibidor De Apetite (Fibras) 300 mg. Use conforme orientação do seu médico ou nutricionista. Manter em local seco, longe da luz. Consulte um profissional de saúde antes do uso.",Inibidor De Apetite (Fibras) 300 mg | Me Joy,Inibidor De Apetite (Fibras) 300 mg. Fórmula manipulada. Entrega em todo Brasil. Me Joy.
MJOY-0082,5590,Alcachofra 500 mg,,Fórmula manipulada para apoiar detox & fígado. Qualidade e entrega nacional.,"Alcachofra 500 mg é uma fórmula manipulada que pode contribuir para seu bem-estar. Composição: Alcachofra 500 mg. Use conforme orientação do seu médico ou nutricionista. Manter em local seco, longe da luz. Consulte um profissional de saúde antes do uso.",Alcachofra 500 mg | Me Joy,Alcachofra 500 mg. Fórmula manipulada. Entrega em todo Brasil. Me Joy.
MJOY-0083,7890,Resveratrol 500 mg,,Fórmula manipulada para apoiar pele & beleza. Qualidade e entrega nacional.,"Resveratrol 500 mg é uma fórmula manipulada que pode contribuir para seu bem-estar. Composição: Resveratrol 500 mg. Use conforme orientação do seu médico ou nutricionista. Manter em local seco, longe da luz. Consulte um profissional de saúde antes do uso.",Resveratrol 500 mg | Me Joy,Resveratrol 500 mg. Fórmula manipulada. Entrega em todo Brasil. Me Joy.
MJOY-0084,6590,NAC 300 mg,,Fórmula manipulada para apoiar detox & fígado. Qualidade e entrega nacional.,"NAC 300 mg é uma fórmula manipulada que pode contribuir para seu bem-estar. Composição: NAC 300 mg. Use conforme orientação do seu médico ou nutricionista. Manter em local seco, longe da luz. Consulte um profissional de saúde antes do uso.",NAC 300 mg | Me Joy,NAC 300 mg. Fórmula manipulada. Entrega em todo Brasil. Me Joy.
MJOY-0085,6590,Citrulina 100 mg,,Fórmula manipulada para apoiar energia & performance. Qualidade e entrega nacional.,"Citrulina 100 mg é uma fórmula manipulada que pode contribuir para seu bem-estar. Composição: Citrulina 100 mg. Use conforme orientação do seu médico ou nutricionista. Manter em local seco, longe da luz. Consulte um profissional de saúde antes do uso.",Citrulina 100 mg | Me Joy,Citrulina 100 mg. Fórmula manipulada. Entrega em todo Brasil. Me Joy.
MJOY-0086,6590,NAC 300 mg,,Fórmula manipulada para apoiar pele & beleza. Qualidade e entrega nacional.,"NAC 300 mg é uma fórmula manipulada que pode contribuir para seu bem-estar. Composição: NAC 300 mg. Use conforme orientação do seu médico ou nutricionista. Manter em local seco, longe da luz. Consulte um profissional de saúde antes do uso.",NAC 300 mg | Me Joy,NAC 300 mg. Fórmula manipulada. Entrega em todo Brasil. Me Joy.
MJOY-0087,6590,NAC 300 mg,,Fórmula manipulada para apoiar detox & fígado. Qualidade e entrega nacional.,"NAC 300 mg é uma fórmula manipulada que pode contribuir para seu bem-estar. Composição: NAC 300 mg. Use conforme orientação do seu médico ou nutricionista. Manter em local seco, longe da luz. Consulte um profissional de saúde antes do uso.",NAC 300 mg | Me Joy,NAC 300 mg. Fórmula manipulada. Entrega em todo Brasil. Me Joy.
MJOY-0088,6590,Própolis 500 mg,,Fórmula manipulada para apoiar imunidade. Qualidade e entrega nacional.,"Própolis 500 mg é uma fórmula manipulada que pode contribuir para seu bem-estar. Composição: Própolis 500 mg. Use conforme orientação do seu médico ou nutricionista. Manter em local seco, longe da luz. Consulte um profissional de saúde antes do uso.",Própolis 500 mg | Me Joy,Própolis 500 mg. Fórmula manipulada. Entrega em todo Brasil. Me Joy.
MJOY-0089,8590,Vitamina D3,,Fórmula manipulada para apoiar imunidade. Qualidade e entrega nacional.,"Vitamina D3 é uma fórmula manipulada que pode contribuir para seu bem-estar. Composição: Vitamina D3. Use conforme orientação do seu médico ou nutricionista. Manter em local seco, longe da luz. Consulte um profissional de saúde antes do uso.",Vitamina D3 | Me Joy,Vitamina D3. Fórmula manipulada. Entrega em todo Brasil. Me Joy.
MJOY-0090,5590,Probiótico 5% + ativos,,Fórmula manipulada para apoiar intestino. Qualidade e entrega nacional.,"Probiótico 5% + ativos é uma fórmula manipulada que pode contribuir para seu bem-estar. Composição: Probiótico 5% + ativos. Use conforme orientação do seu médico ou nutricionista. Manter em local seco, longe da luz. Consulte um profissional de saúde antes do uso.",Probiótico 5% + ativos | Me Joy,Probiótico 5% + ativos. Fórmula manipulada. Entrega em todo Brasil. Me Joy.
MJOY-0091,6590,Probiótico 300 mg,,Fórmula manipulada para apoiar intestino. Qualidade e entrega nacional.,"Probiótico 300 mg é uma fórmula manipulada que pode contribuir para seu bem-estar. Composição: Probiótico 300 mg. Use conforme orientação do seu médico ou nutricionista. Manter em local seco, longe da luz. Consulte um profissional de saúde antes do uso.",Probiótico 300 mg | Me Joy,Probiótico 300 mg. Fórmula manipulada. Entrega em todo Brasil. Me Joy.
MJOY-0092,7290,Psyllium,,Fórmula manipulada para apoiar emagrecimento & metabolismo. Qualidade e entrega nacional.,"Psyllium é uma fórmula manipulada que pode contribuir para seu bem-estar. Composição: Psyllium. Use conforme orientação do seu médico ou nutricionista. Manter em local seco, longe da luz. Consulte um profissional de saúde antes do uso.",Psyllium | Me Joy,Psyllium. Fórmula manipulada. Entrega em todo Brasil. Me Joy.
MJOY-0093,6590,Curcuma 600 mg,,Fórmula manipulada para apoiar articulações. Qualidade e entrega nacional.,"Curcuma 600 mg é uma fórmula manipulada que pode contribuir para seu bem-estar. Composição: Curcuma 600 mg. Use conforme orientação do seu médico ou nutricionista. Manter em local seco, longe da luz. Consulte um profissional de saúde antes do uso.",Curcuma 600 mg | Me Joy,Curcuma 600 mg. Fórmula manipulada. Entrega em todo Brasil. Me Joy.
MJOY-0094,5590,Biotina 5% + ativos,,Fórmula manipulada para apoiar pele & beleza. Qualidade e entrega nacional.,"Biotina 5% + ativos é uma fórmula manipulada que pode contribuir para seu bem-estar. Composição: Biotina 5% + ativos. Use conforme orientação do seu médico ou nutricionista. Manter em local seco, longe da luz. Consulte um profissional de saúde antes do uso.",Biotina 5% + ativos | Me Joy,Biotina 5% + ativos. Fórmula manipulada. Entrega em todo Brasil. Me Joy.
MJOY-0095,8590,Colágeno,,Fórmula manipulada para apoiar cabelo. Qualidade e entrega nacional.,"Colágeno é uma fórmula manipulada que pode contribuir para seu bem-estar. Composição: Colágeno. Use conforme orientação do seu médico ou nutricionista. Manter em local seco, longe da luz. Consulte um profissional de saúde antes do uso.",Colágeno | Me Joy,Colágeno. Fórmula manipulada. Entrega em todo Brasil. Me Joy.
MJOY-0096,6590,Inositol 100 mg,,Fórmula manipulada para apoiar ansiedade & humor. Qualidade e entrega nacional.,"Inositol 100 mg é uma fórmula manipulada que pode contribuir para seu bem-estar. Composição: Inositol 100 mg. Use conforme orientação do seu médico ou nutricionista. Manter em local seco, longe da luz. Consulte um profissional de saúde antes do uso.",Inositol 100 mg | Me Joy,Inositol 100 mg. Fórmula manipulada. Entrega em todo Brasil. Me Joy.
MJOY-0097,6590,Biotina 5 mg,,Fórmula manipulada para apoiar cabelo. Qualidade e entrega nacional.,"Biotina 5 mg é uma fórmula manipulada que pode contribuir para seu bem-estar. Composição: Biotina 5 mg. Use conforme orientação do seu médico ou nutricionista. Manter em local seco, longe da luz. Consulte um profissional de saúde antes do uso.",Biotina 5 mg | Me Joy,Biotina 5 mg. Fórmula manipulada. Entrega em todo Brasil. Me Joy.
MJOY-0098,5590,Silimarina 5% + ativos,,Fórmula manipulada para apoiar pele & beleza. Qualidade e entrega nacional.,"Silimarina 5% + ativos é uma fórmula manipulada que pode contribuir para seu bem-estar. Composição: Silimarina 5% + ativos. Use conforme orientação do seu médico ou nutricionista. Manter em local seco, longe da luz. Consulte um profissional de saúde antes do uso.",Silimarina 5% + ativos | Me Joy,Silimarina 5% + ativos. Fórmula manipulada. Entrega em todo Brasil. Me Joy.
MJOY-0099,8590,Butirato,,Fórmula manipulada para apoiar intestino. Qualidade e entrega nacional.,"Butirato é uma fórmula manipulada que pode contribuir para seu bem-estar. Composição: Butirato. Use conforme orientação do seu médico ou nutricionista. Manter em local seco, longe da luz. Consulte um profissional de saúde antes do uso.",Butirato | Me Joy,Butirato. Fórmula manipulada. Entrega em todo Brasil. Me Joy.
MJOY-0100,4790,Boldo 5% + ativos,,Fórmula manipulada para apoiar detox & fígado. Qualidade e entrega nacional.,"Boldo 5% + ativos é uma fórmula manipulada que pode contribuir para seu bem-estar. Composição: Boldo 5% + ativos. Use conforme orientação do seu médico ou nutricionista. Manter em local seco, longe da luz. Consulte um profissional de saúde antes do uso.",Boldo 5% + ativos | Me Joy,Boldo 5% + ativos. Fórmula manipulada. Entrega em todo Brasil. Me Joy.
MJOY-0101,7290,Inulina,,Fórmula manipulada para apoiar intestino. Qualidade e entrega nacional.,"Inulina é uma fórmula manipulada que pode contribuir para seu bem-estar. Composição: Inulina. Use conforme orientação do seu médico ou nutricionista. Manter em local seco, longe da luz. Consulte um profissional de saúde antes do uso.",Inulina | Me Joy,Inulina. Fórmula manipulada. Entrega em todo Brasil. Me Joy.
MJOY-0102,6590,Vitamina D3 5.000 UI,,Fórmula manipulada para apoiar imunidade. Qualidade e entrega nacional.,"Vitamina D3 5.000 UI é uma fórmula manipulada que pode contribuir para seu bem-estar. Composição: Vitamina D3 5.000 UI. Use conforme orientação do seu médico ou nutricionista. Manter em local seco, longe da luz. Consulte um profissional de saúde antes do uso.",Vitamina D3 5.000 UI | Me Joy,Vitamina D3 5.000 UI. Fórmula manipulada. Entrega em todo Brasil. Me Joy.
MJOY-0103,6790,Óleo De Hortelã-Pimenta 300 mg,,Fórmula manipulada para apoiar intestino. Qualidade e entrega nacional.,"Óleo De Hortelã-Pimenta 300 mg é uma fórmula manipulada que pode contribuir para seu bem-estar. Composição: Óleo De Hortelã-Pimenta 300 mg. Use conforme orientação do seu médico ou nutricionista. Manter em local seco, longe da luz. Consulte um profissional de saúde antes do uso.",Óleo De Hortelã-Pimenta 300 mg | Me Joy,Óleo De Hortelã-Pimenta 300 mg. Fórmula manipulada. Entrega em todo Brasil. Me Joy.
MJOY-0104,6590,Chá Verde 500 mg,,Fórmula manipulada para apoiar emagrecimento & metabolismo. Qualidade e entrega nacional.,"Chá Verde 500 mg é uma fórmula manipulada que pode contribuir para seu bem-estar. Composição: Chá Verde 500 mg. Use conforme orientação do seu médico ou nutricionista. Manter em local seco, longe da luz. Consulte um profissional de saúde antes do uso.",Chá Verde 500 mg | Me Joy,Chá Verde 500 mg. Fórmula manipulada. Entrega em todo Brasil. Me Joy.
MJOY-0105,6590,Creatina 200 g,,Fórmula manipulada para apoiar energia & performance. Qualidade e entrega nacional.,"Creatina 200 g é uma fórmula manipulada que pode contribuir para seu bem-estar. Composição: Creatina 200 g. Use conforme orientação do seu médico ou nutricionista. Manter em local seco, longe da luz. Consulte um profissional de saúde antes do uso.",Creatina 200 g | Me Joy,Creatina 200 g. Fórmula manipulada. Entrega em todo Brasil. Me Joy.
MJOY-0106,7890,Resveratrol 100 mg,,Fórmula manipulada para apoiar detox & fígado. Qualidade e entrega nacional.,"Resveratrol 100 mg é uma fórmula manipulada que pode contribuir para seu bem-estar. Composição: Resveratrol 100 mg. Use conforme orientação do seu médico ou nutricionista. Manter em local seco, longe da luz. Consulte um profissional de saúde antes do uso.",Resveratrol 100 mg | Me Joy,Resveratrol 100 mg. Fórmula manipulada. Entrega em todo Brasil. Me Joy.
MJOY-0107,10290,Coenzima Q10,,Fórmula manipulada para apoiar energia & performance. Qualidade e entrega nacional.,"Coenzima Q10 é uma fórmula manipulada que pode contribuir para seu bem-estar. Composição: Coenzima Q10. Use conforme orientação do seu médico ou nutricionista. Manter em local seco, longe da luz. Consulte um profissional de saúde antes do uso.",Coenzima Q10 | Me Joy,Coenzima Q10. Fórmula manipulada. Entrega em todo Brasil. Me Joy.
MJOY-0108,6690,Glucosamina 5% + ativos,,Fórmula manipulada para apoiar articulações. Qualidade e entrega nacional.,"Glucosamina 5% + ativos é uma fórmula manipulada que pode contribuir para seu bem-estar. Composição: Glucosamina 5% + ativos. Use conforme orientação do seu médico ou nutricionista. Manter em local seco, longe da luz. Consulte um profissional de saúde antes do uso.",Glucosamina 5% + ativos | Me Joy,Glucosamina 5% + ativos. Fórmula manipulada. Entrega em todo Brasil. Me Joy.
MJOY-0109,6690,Resveratrol 5% + ativos,,Fórmula manipulada para apoiar pele & beleza. Qualidade e entrega nacional.,"Resveratrol 5% + ativos é uma fórmula manipulada que pode contribuir para seu bem-estar. Composição: Resveratrol 5% + ativos. Use conforme orientação do seu médico ou nutricionista. Manter em local seco, longe da luz. Consulte um profissional de saúde antes do uso.",Resveratrol 5% + ativos | Me Joy,Resveratrol 5% + ativos. Fórmula manipulada. Entrega em todo Brasil. Me Joy.
MJOY-0110,6590,Magnésio Treonato 500 mg,,Fórmula manipulada para apoiar sono. Qualidade e entrega nacional.,"Magnésio Treonato 500 mg é uma fórmula manipulada que pode contribuir para seu bem-estar. Composição: Magnésio Treonato 500 mg. Use conforme orientação do seu médico ou nutricionista. Manter em local seco, longe da luz. Consulte um profissional de saúde antes do uso.",Magnésio Treonato 500 mg | Me Joy,Magnésio Treonato 500 mg. Fórmula manipulada. Entrega em todo Brasil. Me Joy.
MJOY-0111,5590,Valeriana 5% + ativos,,Fórmula manipulada para apoiar sono. Qualidade e entrega nacional.,"Valeriana 5% + ativos é uma fórmula manipulada que pode contribuir para seu bem-estar. Composição: Valeriana 5% + ativos. Use conforme orientação do seu médico ou nutricionista. Manter em local seco, longe da luz. Consulte um profissional de saúde antes do uso.",Valeriana 5% + ativos | Me Joy,Valeriana 5% + ativos. Fórmula manipulada. Entrega em todo Brasil. Me Joy.
MJOY-0112,9590,Resveratrol 500 mg,,Fórmula manipulada para apoiar pele & beleza. Qualidade e entrega nacional.,"Resveratrol 500 mg é uma fórmula manipulada que pode contribuir para seu bem-estar. Composição: Resveratrol 500 mg. Use conforme orientação do seu médico ou nutricionista. Manter em local seco, longe da luz. Consulte um profissional de saúde antes do uso.",Resveratrol 500 mg | Me Joy,Resveratrol 500 mg. Fórmula manipulada. Entrega em todo Brasil. Me Joy.
MJOY-0113,4790,Psyllium 5% + ativos,,Fórmula manipulada para apoiar intestino. Qualidade e entrega nacional.,"Psyllium 5% + ativos é uma fórmula manipulada que pode contribuir para seu bem-estar. Composição: Psyllium 5% + ativos. Use conforme orientação do seu médico ou nutricionista. Manter em local seco, longe da luz. Consulte um profissional de saúde antes do uso.",Psyllium 5% + ativos | Me Joy,Psyllium 5% + ativos. Fórmula manipulada. Entrega em todo Brasil. Me Joy.
MJOY-0114,8590,Enzimas Digestivas,,Fórmula manipulada para apoiar intestino. Qualidade e entrega nacional.,"Enzimas Digestivas é uma fórmula manipulada que pode contribuir para seu bem-estar. Composição: Enzimas Digestivas. Use conforme orientação do seu médico ou nutricionista. Manter em local seco, longe da luz. Consulte um profissional de saúde antes do uso.",Enzimas Digestivas | Me Joy,Enzimas Digestivas. Fórmula manipulada. Entrega em todo Brasil. Me Joy.
MJOY-0115,7890,Ácido Hialurônico 500 mg,,Fórmula manipulada para apoiar pele & beleza. Qualidade e entrega nacional.,"Ácido Hialurônico 500 mg é uma fórmula manipulada que pode contribuir para seu bem-estar. Composição: Ácido Hialurônico 500 mg. Use conforme orientação do seu médico ou nutricionista. Manter em local seco, longe da luz. Consulte um profissional de saúde antes do uso.",Ácido Hialurônico 500 mg | Me Joy,Ácido Hialurônico 500 mg. Fórmula manipulada. Entrega em todo Brasil. Me Joy.
MJOY-0116,5590,Boldo 300 mg,,Fórmula manipulada para apoiar detox & fígado. Qualidade e entrega nacional.,"Boldo 300 mg é uma fórmula manipulada que pode contribuir para seu bem-estar. Composição: Boldo 300 mg. Use conforme orientação do seu médico ou nutricionista. Manter em local seco, longe da luz. Consulte um profissional de saúde antes do uso.",Boldo 300 mg | Me Joy,Boldo 300 mg. Fórmula manipulada. Entrega em todo Brasil. Me Joy.
MJOY-0117,6590,L-Teanina 300 mg,,Fórmula manipulada para apoiar ansiedade & humor. Qualidade e entrega nacional.,"L-Teanina 300 mg é uma fórmula manipulada que pode contribuir para seu bem-estar. Composição: L-Teanina 300 mg. Use conforme orientação do seu médico ou nutricionista. Manter em local seco, longe da luz. Consulte um profissional de saúde antes do uso.",L-Teanina 300 mg | Me Joy,L-Teanina 300 mg. Fórmula manipulada. Entrega em todo Brasil. Me Joy.
MJOY-0118,6590,Curcuma 450 mg,,Fórmula manipulada para apoiar articulações. Qualidade e entrega nacional.,"Curcuma 450 mg é uma fórmula manipulada que pode contribuir para seu bem-estar. Composição: Curcuma 450 mg. Use conforme orientação do seu médico ou nutricionista. Manter em local seco, longe da luz. Consulte um profissional de saúde antes do uso.",Curcuma 450 mg | Me Joy,Curcuma 450 mg. Fórmula manipulada. Entrega em todo Brasil. Me Joy.
MJOY-0119,7290,Boldo,,Fórmula manipulada para apoiar detox & fígado. Qualidade e entrega nacional.,"Boldo é uma fórmula manipulada que pode contribuir para seu bem-estar. Composição: Boldo. Use conforme orientação do seu médico ou nutricionista. Manter em local seco, longe da luz. Consulte um profissional de saúde antes do uso.",Boldo | Me Joy,Boldo. Fórmula manipulada. Entrega em todo Brasil. Me Joy.
MJOY-0120,6590,Taurina 100 mg,,Fórmula manipulada para apoiar energia & performance. Qualidade e entrega nacional.,"Taurina 100 mg é uma fórmula manipulada que pode contribuir para seu bem-estar. Composição: Taurina 100 mg. Use conforme orientação do seu médico ou nutricionista. Manter em local seco, longe da luz. Consulte um profissional de saúde antes do uso.",Taurina 100 mg | Me Joy,Taurina 100 mg. Fórmula manipulada. Entrega em todo Brasil. Me Joy.
MJOY-0121,7290,Alcachofra,,Fórmula manipulada para apoiar detox & fígado. Qualidade e entrega nacional.,"Alcachofra é uma fórmula manipulada que pode contribuir para seu bem-estar. Composição: Alcachofra. Use conforme orientação do seu médico ou nutricionista. Manter em local seco, longe da luz. Consulte um profissional de saúde antes do uso.",Alcachofra | Me Joy,Alcachofra. Fórmula manipulada. Entrega em todo Brasil. Me Joy.
MJOY-0122,7890,Ashwagandha 500 mg,,Fórmula manipulada para apoiar ansiedade & humor. Qualidade e entrega nacional.,"Ashwagandha 500 mg é uma fórmula manipulada que pode contribuir para seu bem-estar. Composição: Ashwagandha 500 mg. Use conforme orientação do seu médico ou nutricionista. Manter em local seco, longe da luz. Consulte um profissional de saúde antes do uso.",Ashwagandha 500 mg | Me Joy,Ashwagandha 500 mg. Fórmula manipulada. Entrega em todo Brasil. Me Joy.
MJOY-0123,6590,L-Teanina 300 mg,,Fórmula manipulada para apoiar sono. Qualidade e entrega nacional.,"L-Teanina 300 mg é uma fórmula manipulada que pode contribuir para seu bem-estar. Composição: L-Teanina 300 mg. Use conforme orientação do seu médico ou nutricionista. Manter em local seco, longe da luz. Consulte um profissional de saúde antes do uso.",L-Teanina 300 mg | Me Joy,L-Teanina 300 mg. Fórmula manipulada. Entrega em todo Brasil. Me Joy.
MJOY-0124,6590,Saw Palmetto 160 mg,,Fórmula manipulada para apoiar hormonal & libido. Qualidade e entrega nacional.,"Saw Palmetto 160 mg é uma fórmula manipulada que pode contribuir para seu bem-estar. Composição: Saw Palmetto 160 mg. Use conforme orientação do seu médico ou nutricionista. Manter em local seco, longe da luz. Consulte um profissional de saúde antes do uso.",Saw Palmetto 160 mg | Me Joy,Saw Palmetto 160 mg. Fórmula manipulada. Entrega em todo Brasil. Me Joy.
MJOY-0125,6590,NAC 500 mg,,Fórmula manipulada para apoiar pele & beleza. Qualidade e entrega nacional.,"NAC 500 mg é uma fórmula manipulada que pode contribuir para seu bem-estar. Composição: NAC 500 mg. Use conforme orientação do seu médico ou nutricionista. Manter em local seco, longe da luz. Consulte um profissional de saúde antes do uso.",NAC 500 mg | Me Joy,NAC 500 mg. Fórmula manipulada. Entrega em todo Brasil. Me Joy.
MJOY-0126,6590,Msm 500 mg,,Fórmula manipulada para apoiar articulações. Qualidade e entrega nacional.,"Msm 500 mg é uma fórmula manipulada que pode contribuir para seu bem-estar. Composição: Msm 500 mg. Use conforme orientação do seu médico ou nutricionista. Manter em local seco, longe da luz. Consulte um profissional de saúde antes do uso.",Msm 500 mg | Me Joy,Msm 500 mg. Fórmula manipulada. Entrega em todo Brasil. Me Joy.
MJOY-0127,7990,Citrulina 500 mg,,Fórmula manipulada para apoiar energia & performance. Qualidade e entrega nacional.,"Citrulina 500 mg é uma fórmula manipulada que pode contribuir para seu bem-estar. Composição: Citrulina 500 mg. Use conforme orientação do seu médico ou nutricionista. Manter em local seco, longe da luz. Consulte um profissional de saúde antes do uso.",Citrulina 500 mg | Me Joy,Citrulina 500 mg. Fórmula manipulada. Entrega em todo Brasil. Me Joy.
MJOY-0128,7890,Glucosamina 100 mg,,Fórmula manipulada para apoiar articulações. Qualidade e entrega nacional.,"Glucosamina 100 mg é uma fórmula manipulada que pode contribuir para seu bem-estar. Composição: Glucosamina 100 mg. Use conforme orientação do seu médico ou nutricionista. Manter em local seco, longe da luz. Consulte um profissional de saúde antes do uso.",Glucosamina 100 mg | Me Joy,Glucosamina 100 mg. Fórmula manipulada. Entrega em todo Brasil. Me Joy.
MJOY-0129,6590,Maca Peruana 500 mg,,Fórmula manipulada para apoiar hormonal & libido. Qualidade e entrega nacional.,"Maca Peruana 500 mg é uma fórmula manipulada que pode contribuir para seu bem-estar. Composição: Maca Peruana 500 mg. Use conforme orientação do seu médico ou nutricionista. Manter em local seco, longe da luz. Consulte um profissional de saúde antes do uso.",Maca Peruana 500 mg | Me Joy,Maca Peruana 500 mg. Fórmula manipulada. Entrega em todo Brasil. Me Joy.
MJOY-0130,6590,Picolinato De Cromo 100 mg,,Fórmula manipulada para apoiar emagrecimento & metabolismo. Qualidade e entrega nacional.,"Picolinato De Cromo 100 mg é uma fórmula manipulada que pode contribuir para seu bem-estar. Composição: Picolinato De Cromo 100 mg. Use conforme orientação do seu médico ou nutricionista. Manter em local seco, longe da luz. Consulte um profissional de saúde antes do uso.",Picolinato De Cromo 100 mg | Me Joy,Picolinato De Cromo 100 mg. Fórmula manipulada. Entrega em todo Brasil. Me Joy.
MJOY-0131,6590,Curcuma 450 mg,,Fórmula manipulada para apoiar articulações. Qualidade e entrega nacional.,"Curcuma 450 mg é uma fórmula manipulada que pode contribuir para seu bem-estar. Composição: Curcuma 450 mg. Use conforme orientação do seu médico ou nutricionista. Manter em local seco, longe da luz. Consulte um profissional de saúde antes do uso.",Curcuma 450 mg | Me Joy,Curcuma 450 mg. Fórmula manipulada. Entrega em todo Brasil. Me Joy.
MJOY-0132,10290,Resveratrol,,Fórmula manipulada para apoiar detox & fígado. Qualidade e entrega nacional.,"Resveratrol é uma fórmula manipulada que pode contribuir para seu bem-estar. Composição: Resveratrol. Use conforme orientação do seu médico ou nutricionista. Manter em local seco, longe da luz. Consulte um profissional de saúde antes do uso.",Resveratrol | Me Joy,Resveratrol. Fórmula manipulada. Entrega em todo Brasil. Me Joy.
MJOY-0133,6590,Triptofano 500 mg,,Fórmula manipulada para apoiar ansiedade & humor. Qualidade e entrega nacional.,"Triptofano 500 mg é uma fórmula manipulada que pode contribuir para seu bem-estar. Composição: Triptofano 500 mg. Use conforme orientação do seu médico ou nutricionista. Manter em local seco, longe da luz. Consulte um profissional de saúde antes do uso.",Triptofano 500 mg | Me Joy,Triptofano 500 mg. Fórmula manipulada. Entrega em todo Brasil. Me Joy.
MJOY-0134,6590,Zinco 30 mg,,Fórmula manipulada para apoiar cabelo. Qualidade e entrega nacional.,"Zinco 30 mg é uma fórmula manipulada que pode contribuir para seu bem-estar. Composição: Zinco 30 mg. Use conforme orientação do seu médico ou nutricionista. Manter em local seco, longe da luz. Consulte um profissional de saúde antes do uso.",Zinco 30 mg | Me Joy,Zinco 30 mg. Fórmula manipulada. Entrega em todo Brasil. Me Joy.
MJOY-0135,5590,Colágeno 5% + ativos,,Fórmula manipulada para apoiar cabelo. Qualidade e entrega nacional.,"Colágeno 5% + ativos é uma fórmula manipulada que pode contribuir para seu bem-estar. Composição: Colágeno 5% + ativos. Use conforme orientação do seu médico ou nutricionista. Manter em local seco, longe da luz. Consulte um profissional de saúde antes do uso.",Colágeno 5% + ativos | Me Joy,Colágeno 5% + ativos. Fórmula manipulada. Entrega em todo Brasil. Me Joy.
MJOY-0136,6590,Taurina 300 mg,,Fórmula manipulada para apoiar energia & performance. Qualidade e entrega nacional.,"Taurina 300 mg é uma fórmula manipulada que pode contribuir para seu bem-estar. Composição: Taurina 300 mg. Use conforme orientação do seu médico ou nutricionista. Manter em local seco, longe da luz. Consulte um profissional de saúde antes do uso.",Taurina 300 mg | Me Joy,Taurina 300 mg. Fórmula manipulada. Entrega em todo Brasil. Me Joy.
MJOY-0137,6590,Msm 100 mg,,Fórmula manipulada para apoiar articulações. Qualidade e entrega nacional.,"Msm 100 mg é uma fórmula manipulada que pode contribuir para seu bem-estar. Composição: Msm 100 mg. Use conforme orientação do seu médico ou nutricionista. Manter em local seco, longe da luz. Consulte um profissional de saúde antes do uso.",Msm 100 mg | Me Joy,Msm 100 mg. Fórmula manipulada. Entrega em todo Brasil. Me Joy.
MJOY-0138,7990,Silimarina 500 mg,,Fórmula manipulada para apoiar detox & fígado. Qualidade e entrega nacional.,"Silimarina 500 mg é uma fórmula manipulada que pode contribuir para seu bem-estar. Composição: Silimarina 500 mg. Use conforme orientação do seu médico ou nutricionista. Manter em local seco, longe da luz. Consulte um profissional de saúde antes do uso.",Silimarina 500 mg | Me Joy,Silimarina 500 mg. Fórmula manipulada. Entrega em todo Brasil. Me Joy.
MJOY-0139,6590,Melatonina 5 mg,,Fórmula manipulada para apoiar sono. Qualidade e entrega nacional.,"Melatonina 5 mg é uma fórmula manipulada que pode contribuir para seu bem-estar. Composição: Melatonina 5 mg. Use conforme orientação do seu médico ou nutricionista. Manter em local seco, longe da luz. Consulte um profissional de saúde antes do uso.",Melatonina 5 mg | Me Joy,Melatonina 5 mg. Fórmula manipulada. Entrega em todo Brasil. Me Joy.
MJOY-0140,5590,Ômega-3 5% + ativos,,Fórmula manipulada para apoiar articulações. Qualidade e entrega nacional.,"Ômega-3 5% + ativos é uma fórmula manipulada que pode contribuir para seu bem-estar. Composição: Ômega-3 5% + ativos. Use conforme orientação do seu médico ou nutricionista. Manter em local seco, longe da luz. Consulte um profissional de saúde antes do uso.",Ômega-3 5% + ativos | Me Joy,Ômega-3 5% + ativos. Fórmula manipulada. Entrega em todo Brasil. Me Joy.
MJOY-0141,5590,Inibidor De Apetite (Fibras) 5% + ativos,,Fórmula manipulada para apoiar emagrecimento & metabolismo. Qualidade e entrega nacional.,"Inibidor De Apetite (Fibras) 5% + ativos é uma fórmula manipulada que pode contribuir para seu bem-estar. Composição: Inibidor De Apetite (Fibras) 5% + ativos. Use conforme orientação do seu médico ou nutricionista. Manter em local seco, longe da luz. Consulte um profissional de saúde antes do uso.",Inibidor De Apetite (Fibras) 5% + ativos | Me Joy,Inibidor De Apetite (Fibras) 5% + ativos. Fórmula manipulada. Entrega em todo Brasil. Me Joy.
MJOY-0142,8590,Enzimas Digestivas,,Fórmula manipulada para apoiar intestino. Qualidade e entrega nacional.,"Enzimas Digestivas é uma fórmula manipulada que pode contribuir para seu bem-estar. Composição: Enzimas Digestivas. Use conforme orientação do seu médico ou nutricionista. Manter em local seco, longe da luz. Consulte um profissional de saúde antes do uso.",Enzimas Digestivas | Me Joy,Enzimas Digestivas. Fórmula manipulada. Entrega em todo Brasil. Me Joy.
MJOY-0143,7990,Biotina 5 mg,,Fórmula manipulada para apoiar cabelo. Qualidade e entrega nacional.,"Biotina 5 mg é uma fórmula manipulada que pode contribuir para seu bem-estar. Composição: Biotina 5 mg. Use conforme orientação do seu médico ou nutricionista. Manter em local seco, longe da luz. Consulte um profissional de saúde antes do uso.",Biotina 5 mg | Me Joy,Biotina 5 mg. Fórmula manipulada. Entrega em todo Brasil. Me Joy.
MJOY-0144,7990,Zinco 30 mg,,Fórmula manipulada para apoiar imunidade. Qualidade e entrega nacional.,"Zinco 30 mg é uma fórmula manipulada que pode contribuir para seu bem-estar. Composição: Zinco 30 mg. Use conforme orientação do seu médico ou nutricionista. Manter em local seco, longe da luz. Consulte um profissional de saúde antes do uso.",Zinco 30 mg | Me Joy,Zinco 30 mg. Fórmula manipulada. Entrega em todo Brasil. Me Joy.
MJOY-0145,7890,Berberina 500 mg,,Fórmula manipulada para apoiar emagrecimento & metabolismo. Qualidade e entrega nacional.,"Berberina 500 mg é uma fórmula manipulada que pode contribuir para seu bem-estar. Composição: Berberina 500 mg. Use conforme orientação do seu médico ou nutricionista. Manter em local seco, longe da luz. Consulte um profissional de saúde antes do uso.",Berberina 500 mg | Me Joy,Berberina 500 mg. Fórmula manipulada. Entrega em todo Brasil. Me Joy.
MJOY-0146,6590,L-Teanina 100 mg,,Fórmula manipulada para apoiar ansiedade & humor. Qualidade e entrega nacional.,"L-Teanina 100 mg é uma fórmula manipulada que pode contribuir para seu bem-estar. Composição: L-Teanina 100 mg. Use conforme orientação do seu médico ou nutricionista. Manter em local seco, longe da luz. Consulte um profissional de saúde antes do uso.",L-Teanina 100 mg | Me Joy,L-Teanina 100 mg. Fórmula manipulada. Entrega em todo Brasil. Me Joy.
MJOY-0147,6590,Biotina 5 mg,,Fórmula manipulada para apoiar pele & beleza. Qualidade e entrega nacional.,"Biotina 5 mg é uma fórmula manipulada que pode contribuir para seu bem-estar. Composição: Biotina 5 mg. Use conforme orientação do seu médico ou nutricionista. Manter em local seco, longe da luz. Consulte um profissional de saúde antes do uso.",Biotina 5 mg | Me Joy,Biotina 5 mg. Fórmula manipulada. Entrega em todo Brasil. Me Joy.
MJOY-0148,6590,Colágeno Tipo Ii 300 mg,,Fórmula manipulada para apoiar articulações. Qualidade e entrega nacional.,"Colágeno Tipo Ii 300 mg é uma fórmula manipulada que pode contribuir para seu bem-estar. Composição: Colágeno Tipo Ii 300 mg. Use conforme orientação do seu médico ou nutricionista. Manter em local seco, longe da luz. Consulte um profissional de saúde antes do uso.",Colágeno Tipo Ii 300 mg | Me Joy,Colágeno Tipo Ii 300 mg. Fórmula manipulada. Entrega em todo Brasil. Me Joy.
MJOY-0149,6590,Glicina 100 mg,,Fórmula manipulada para apoiar sono. Qualidade e entrega nacional.,"Glicina 100 mg é uma fórmula manipulada que pode contribuir para seu bem-estar. Composição: Glicina 100 mg. Use conforme orientação do seu médico ou nutricionista. Manter em local seco, longe da luz. Consulte um profissional de saúde antes do uso.",Glicina 100 mg | Me Joy,Glicina 100 mg. Fórmula manipulada. Entrega em todo Brasil. Me Joy.
MJOY-0150,6590,Curcuma 600 mg,,Fórmula manipulada para apoiar articulações. Qualidade e entrega nacional.,"Curcuma 600 mg é uma fórmula manipulada que pode contribuir para seu bem-estar. Composição: Curcuma 600 mg. Use conforme orientação do seu médico ou nutricionista. Manter em local seco, longe da luz. Consulte um profissional de saúde antes do uso.",Curcuma 600 mg | Me Joy,Curcuma 600 mg. Fórmula manipulada. Entrega em todo Brasil. Me Joy.
MJOY-0151,6590,Creatina 200 g,,Fórmula manipulada para apoiar energia & performance. Qualidade e entrega nacional.,"Creatina 200 g é uma fórmula manipulada que pode contribuir para seu bem-estar. Composição: Creatina 200 g. Use conforme orientação do seu médico ou nutricionista. Manter em local seco, longe da luz. Consulte um profissional de saúde antes do uso.",Creatina 200 g | Me Joy,Creatina 200 g. Fórmula manipulada. Entrega em todo Brasil. Me Joy.
MJOY-0152,5590,Zinco 5% + ativos,,Fórmula manipulada para apoiar cabelo. Qualidade e entrega nacional.,"Zinco 5% + ativos é uma fórmula manipulada que pode contribuir para seu bem-estar. Composição: Zinco 5% + ativos. Use conforme orientação do seu médico ou nutricionista. Manter em local seco, longe da luz. Consulte um profissional de saúde antes do uso.",Zinco 5% + ativos | Me Joy,Zinco 5% + ativos. Fórmula manipulada. Entrega em todo Brasil. Me Joy.
MJOY-0153,7990,L-Carnitina 500 mg,,Fórmula manipulada para apoiar energia & performance. Qualidade e entrega nacional.,"L-Carnitina 500 mg é uma fórmula manipulada que pode contribuir para seu bem-estar. Composição: L-Carnitina 500 mg. Use conforme orientação do seu médico ou nutricionista. Manter em local seco, longe da luz. Consulte um profissional de saúde antes do uso.",L-Carnitina 500 mg | Me Joy,L-Carnitina 500 mg. Fórmula manipulada. Entrega em todo Brasil. Me Joy.
MJOY-0154,6590,Peptídeos 100 mg,,Fórmula manipulada para apoiar cabelo. Qualidade e entrega nacional.,"Peptídeos 100 mg é uma fórmula manipulada que pode contribuir para seu bem-estar. Composição: Peptídeos 100 mg. Use conforme orientação do seu médico ou nutricionista. Manter em local seco, longe da luz. Consulte um profissional de saúde antes do uso.",Peptídeos 100 mg | Me Joy,Peptídeos 100 mg. Fórmula manipulada. Entrega em todo Brasil. Me Joy.
MJOY-0155,5590,Inulina 500 mg,,Fórmula manipulada para apoiar intestino. Qualidade e entrega nacional.,"Inulina 500 mg é uma fórmula manipulada que pode contribuir para seu bem-estar. Composição: Inulina 500 mg. Use conforme orientação do seu médico ou nutricionista. Manter em local seco, longe da luz. Consulte um profissional de saúde antes do uso.",Inulina 500 mg | Me Joy,Inulina 500 mg. Fórmula manipulada. Entrega em todo Brasil. Me Joy.
MJOY-0156,6590,Colágeno 500 mg,,Fórmula manipulada para apoiar pele & beleza. Qualidade e entrega nacional.,"Colágeno 500 mg é uma fórmula manipulada que pode contribuir para seu bem-estar. Composição: Colágeno 500 mg. Use conforme orientação do seu médico ou nutricionista. Manter em local seco, longe da luz. Consulte um profissional de saúde antes do uso.",Colágeno 500 mg | Me Joy,Colágeno 500 mg. Fórmula manipulada. Entrega em todo Brasil. Me Joy.
MJOY-0157,6590,Zinco 30 mg,,Fórmula manipulada para apoiar hormonal & libido. Qualidade e entrega nacional.,"Zinco 30 mg é uma fórmula manipulada que pode contribuir para seu bem-estar. Composição: Zinco 30 mg. Use conforme orientação do seu médico ou nutricionista. Manter em local seco, longe da luz. Consulte um profissional de saúde antes do uso.",Zinco 30 mg | Me Joy,Zinco 30 mg. Fórmula manipulada. Entrega em todo Brasil. Me Joy.
MJOY-0158,6590,L-Teanina 300 mg,,Fórmula manipulada para apoiar ansiedade & humor. Qualidade e entrega nacional.,"L-Teanina 300 mg é uma fórmula manipulada que pode contribuir para seu bem-estar. Composição: L-Teanina 300 mg. Use conforme orientação do seu médico ou nutricionista. Manter em local seco, longe da luz. Consulte um profissional de saúde antes do uso.",L-Teanina 300 mg | Me Joy,L-Teanina 300 mg. Fórmula manipulada. Entrega em todo Brasil. Me Joy.
MJOY-0159,6590,Valeriana 500 mg,,Fórmula manipulada para apoiar sono. Qualidade e entrega nacional.,"Valeriana 500 mg é uma fórmula manipulada que pode contribuir para seu bem-estar. Composição: Valeriana 500 mg. Use conforme orientação do seu médico ou nutricionista. Manter em local seco, longe da luz. Consulte um profissional de saúde antes do uso.",Valeriana 500 mg | Me Joy,Valeriana 500 mg. Fórmula manipulada. Entrega em todo Brasil. Me Joy.
MJOY-0160,6590,Silimarina 100 mg,,Fórmula manipulada para apoiar detox & fígado. Qualidade e entrega nacional.,"Silimarina 100 mg é uma fórmula manipulada que pode contribuir para seu bem-estar. Composição: Silimarina 100 mg. Use conforme orientação do seu médico ou nutricionista. Manter em local seco, longe da luz. Consulte um profissional de saúde antes do uso.",Silimarina 100 mg | Me Joy,Silimarina 100 mg. Fórmula manipulada. Entrega em todo Brasil. Me Joy.
MJOY-0161,9590,Glucosamina 300 mg,,Fórmula manipulada para apoiar articulações. Qualidade e entrega nacional.,"Glucosamina 300 mg é uma fórmula manipulada que pode contribuir para seu bem-estar. Composição: Glucosamina 300 mg. Use conforme orientação do seu médico ou nutricionista. Manter em local seco, longe da luz. Consulte um profissional de saúde antes do uso.",Glucosamina 300 mg | Me Joy,Glucosamina 300 mg. Fórmula manipulada. Entrega em todo Brasil. Me Joy.
MJOY-0162,7990,Dhea (Sob Avaliação) 100 mg,,Fórmula manipulada para apoiar hormonal & libido. Qualidade e entrega nacional.,"Dhea (Sob Avaliação) 100 mg é uma fórmula manipulada que pode contribuir para seu bem-estar. Composição: Dhea (Sob Avaliação) 100 mg. Use conforme orientação do seu médico ou nutricionista. Manter em local seco, longe da luz. Consulte um profissional de saúde antes do uso.",Dhea (Sob Avaliação) 100 mg | Me Joy,Dhea (Sob Avaliação) 100 mg. Fórmula manipulada. Entrega em todo Brasil. Me Joy.
MJOY-0163,8590,Biotina,,Fórmula manipulada para apoiar cabelo. Qualidade e entrega nacional.,"Biotina é uma fórmula manipulada que pode contribuir para seu bem-estar. Composição: Biotina. Use conforme orientação do seu médico ou nutricionista. Manter em local seco, longe da luz. Consulte um profissional de saúde antes do uso.",Biotina | Me Joy,Biotina. Fórmula manipulada. Entrega em todo Brasil. Me Joy.
MJOY-0164,6590,5-HTP 300 mg,,Fórmula manipulada para apoiar ansiedade & humor. Qualidade e entrega nacional.,"5-HTP 300 mg é uma fórmula manipulada que pode contribuir para seu bem-estar. Composição: 5-HTP 300 mg. Use conforme orientação do seu médico ou nutricionista. Manter em local seco, longe da luz. Consulte um profissional de saúde antes do uso.",5-HTP 300 mg | Me Joy,5-HTP 300 mg. Fórmula manipulada. Entrega em todo Brasil. Me Joy.
MJOY-0165,7990,Triptofano 100 mg,,Fórmula manipulada para apoiar ansiedade & humor. Qualidade e entrega nacional.,"Triptofano 100 mg é uma fórmula manipulada que pode contribuir para seu bem-estar. Composição: Triptofano 100 mg. Use conforme orientação do seu médico ou nutricionista. Manter em local seco, longe da luz. Consulte um profissional de saúde antes do uso.",Triptofano 100 mg | Me Joy,Triptofano 100 mg. Fórmula manipulada. Entrega em todo Brasil. Me Joy.
MJOY-0166,5590,Peptídeos 5% + ativos,,Fórmula manipulada para apoiar cabelo. Qualidade e entrega nacional.,"Peptídeos 5% + ativos é uma fórmula manipulada que pode contribuir para seu bem-estar. Composição: Peptídeos 5% + ativos. Use conforme orientação do seu médico ou nutricionista. Manter em local seco, longe da luz. Consulte um profissional de saúde antes do uso.",Peptídeos 5% + ativos | Me Joy,Peptídeos 5% + ativos. Fórmula manipulada. Entrega em todo Brasil. Me Joy.
MJOY-0167,6590,L-Carnitina 100 mg,,Fórmula manipulada para apoiar energia & performance. Qualidade e entrega nacional.,"L-Carnitina 100 mg é uma fórmula manipulada que pode contribuir para seu bem-estar. Composição: L-Carnitina 100 mg. Use conforme orientação do seu médico ou nutricionista. Manter em local seco, longe da luz. Consulte um profissional de saúde antes do uso.",L-Carnitina 100 mg | Me Joy,L-Carnitina 100 mg. Fórmula manipulada. Entrega em todo Brasil. Me Joy.
MJOY-0168,6590,Probiótico 300 mg,,Fórmula manipulada para apoiar intestino. Qualidade e entrega nacional.,"Probiótico 300 mg é uma fórmula manipulada que pode contribuir para seu bem-estar. Composição: Probiótico 300 mg. Use conforme orientação do seu médico ou nutricionista. Manter em local seco, longe da luz. Consulte um profissional de saúde antes do uso.",Probiótico 300 mg | Me Joy,Probiótico 300 mg. Fórmula manipulada. Entrega em todo Brasil. Me Joy.
MJOY-0169,6590,Probiótico 100 mg,,Fórmula manipulada para apoiar intestino. Qualidade e entrega nacional.,"Probiótico 100 mg é uma fórmula manipulada que pode contribuir para seu bem-estar. Composição: Probiótico 100 mg. Use conforme orientação do seu médico ou nutricionista. Manter em local seco, longe da luz. Consulte um profissional de saúde antes do uso.",Probiótico 100 mg | Me Joy,Probiótico 100 mg. Fórmula manipulada. Entrega em todo Brasil. Me Joy.
MJOY-0170,5590,Silimarina 5% + ativos,,Fórmula manipulada para apoiar pele & beleza. Qualidade e entrega nacional.,"Silimarina 5% + ativos é uma fórmula manipulada que pode contribuir para seu bem-estar. Composição: Silimarina 5% + ativos. Use conforme orientação do seu médico ou nutricionista. Manter em local seco, longe da luz. Consulte um profissional de saúde antes do uso.",Silimarina 5% + ativos | Me Joy,Silimarina 5% + ativos. Fórmula manipulada. Entrega em todo Brasil. Me Joy.
MJOY-0171,7990,NAC 100 mg,,Fórmula manipulada para apoiar detox & fígado. Qualidade e entrega nacional.,"NAC 100 mg é uma fórmula manipulada que pode contribuir para seu bem-estar. Composição: NAC 100 mg. Use conforme orientação do seu médico ou nutricionista. Manter em local seco, longe da luz. Consulte um profissional de saúde antes do uso.",NAC 100 mg | Me Joy,NAC 100 mg. Fórmula manipulada. Entrega em todo Brasil. Me Joy.
MJOY-0172,6590,L-Teanina 300 mg,,Fórmula manipulada para apoiar sono. Qualidade e entrega nacional.,"L-Teanina 300 mg é uma fórmula manipulada que pode contribuir para seu bem-estar. Composição: L-Teanina 300 mg. Use conforme orientação do seu médico ou nutricionista. Manter em local seco, longe da luz. Consulte um profissional de saúde antes do uso.",L-Teanina 300 mg | Me Joy,L-Teanina 300 mg. Fórmula manipulada. Entrega em todo Brasil. Me Joy.
MJOY-0173,5590,Boldo 300 mg,,Fórmula manipulada para apoiar detox & fígado. Qualidade e entrega nacional.,"Boldo 300 mg é uma fórmula manipulada que pode contribuir para seu bem-estar. Composição: Boldo 300 mg. Use conforme orientação do seu médico ou nutricionista. Manter em local seco, longe da luz. Consulte um profissional de saúde antes do uso.",Boldo 300 mg | Me Joy,Boldo 300 mg. Fórmula manipulada. Entrega em todo Brasil. Me Joy.
MJOY-0174,5590,Valeriana 5% + ativos,,Fórmula manipulada para apoiar sono. Qualidade e entrega nacional.,"Valeriana 5% + ativos é uma fórmula manipulada que pode contribuir para seu bem-estar. Composição: Valeriana 5% + ativos. Use conforme orientação do seu médico ou nutricionista. Manter em local seco, longe da luz. Consulte um profissional de saúde antes do uso.",Valeriana 5% + ativos | Me Joy,Valeriana 5% + ativos. Fórmula manipulada. Entrega em todo Brasil. Me Joy.
MJOY-0175,6590,Vitamina D3 10.000 UI,,Fórmula manipulada para apoiar cabelo. Qualidade e entrega nacional.,"Vitamina D3 10.000 UI é uma fórmula manipulada que pode contribuir para seu bem-estar. Composição: Vitamina D3 10.000 UI. Use conforme orientação do seu médico ou nutricionista. Manter em local seco, longe da luz. Consulte um profissional de saúde antes do uso.",Vitamina D3 10.000 UI | Me Joy,Vitamina D3 10.000 UI. Fórmula manipulada. Entrega em todo Brasil. Me Joy.
MJOY-0176,7890,Berberina 500 mg,,Fórmula manipulada para apoiar emagrecimento & metabolismo. Qualidade e entrega nacional.,"Berberina 500 mg é uma fórmula manipulada que pode contribuir para seu bem-estar. Composição: Berberina 500 mg. Use conforme orientação do seu médico ou nutricionista. Manter em local seco, longe da luz. Consulte um profissional de saúde antes do uso.",Berberina 500 mg | Me Joy,Berberina 500 mg. Fórmula manipulada. Entrega em todo Brasil. Me Joy.
MJOY-0177,7890,Ácido Hialurônico 300 mg,,Fórmula manipulada para apoiar pele & beleza. Qualidade e entrega nacional.,"Ácido Hialurônico 300 mg é uma fórmula manipulada que pode contribuir para seu bem-estar. Composição: Ácido Hialurônico 300 mg. Use conforme orientação do seu médico ou nutricionista. Manter em local seco, longe da luz. Consulte um profissional de saúde antes do uso.",Ácido Hialurônico 300 mg | Me Joy,Ácido Hialurônico 300 mg. Fórmula manipulada. Entrega em todo Brasil. Me Joy.
MJOY-0178,6590,Biotina 5 mg,,Fórmula manipulada para apoiar pele & beleza. Qualidade e entrega nacional.,"Biotina 5 mg é uma fórmula manipulada que pode contribuir para seu bem-estar. Composição: Biotina 5 mg. Use conforme orientação do seu médico ou nutricionista. Manter em local seco, longe da luz. Consulte um profissional de saúde antes do uso.",Biotina 5 mg | Me Joy,Biotina 5 mg. Fórmula manipulada. Entrega em todo Brasil. Me Joy.
MJOY-0179,6590,Curcuma 600 mg,,Fórmula manipulada para apoiar articulações. Qualidade e entrega nacional.,"Curcuma 600 mg é uma fórmula manipulada que pode contribuir para seu bem-estar. Composição: Curcuma 600 mg. Use conforme orientação do seu médico ou nutricionista. Manter em local seco, longe da luz. Consulte um profissional de saúde antes do uso.",Curcuma 600 mg | Me Joy,Curcuma 600 mg. Fórmula manipulada. Entrega em todo Brasil. Me Joy.
MJOY-0180,7890,Ashwagandha 100 mg,,Fórmula manipulada para apoiar ansiedade & humor. Qualidade e entrega nacional.,"Ashwagandha 100 mg é uma fórmula manipulada que pode contribuir para seu bem-estar. Composição: Ashwagandha 100 mg. Use conforme orientação do seu médico ou nutricionista. Manter em local seco, longe da luz. Consulte um profissional de saúde antes do uso.",Ashwagandha 100 mg | Me Joy,Ashwagandha 100 mg. Fórmula manipulada. Entrega em todo Brasil. Me Joy.
MJOY-0181,6590,Colágeno 500 mg,,Fórmula manipulada para apoiar pele & beleza. Qualidade e entrega nacional.,"Colágeno 500 mg é uma fórmula manipulada que pode contribuir para seu bem-estar. Composição: Colágeno 500 mg. Use conforme orientação do seu médico ou nutricionista. Manter em local seco, longe da luz. Consulte um profissional de saúde antes do uso.",Colágeno 500 mg | Me Joy,Colágeno 500 mg. Fórmula manipulada. Entrega em todo Brasil. Me Joy.
MJOY-0182,5590,Butirato 5% + ativos,,Fórmula manipulada para apoiar intestino. Qualidade e entrega nacional.,"Butirato 5% + ativos é uma fórmula manipulada que pode contribuir para seu bem-estar. Composição: Butirato 5% + ativos. Use conforme orientação do seu médico ou nutricionista. Manter em local seco, longe da luz. Consulte um profissional de saúde antes do uso.",Butirato 5% + ativos | Me Joy,Butirato 5% + ativos. Fórmula manipulada. Entrega em todo Brasil. Me Joy.
MJOY-0183,8590,Curcuma,,Fórmula manipulada para apoiar articulações. Qualidade e entrega nacional.,"Curcuma é uma fórmula manipulada que pode contribuir para seu bem-estar. Composição: Curcuma. Use conforme orientação do seu médico ou nutricionista. Manter em local seco, longe da luz. Consulte um profissional de saúde antes do uso.",Curcuma | Me Joy,Curcuma. Fórmula manipulada. Entrega em todo Brasil. Me Joy.
MJOY-0184,6590,NAC 300 mg,,Fórmula manipulada para apoiar pele & beleza. Qualidade e entrega nacional.,"NAC 300 mg é uma fórmula manipulada que pode contribuir para seu bem-estar. Composição: NAC 300 mg. Use conforme orientação do seu médico ou nutricionista. Manter em local seco, longe da luz. Consulte um profissional de saúde antes do uso.",NAC 300 mg | Me Joy,NAC 300 mg. Fórmula manipulada. Entrega em todo Brasil. Me Joy.
MJOY-0185,6590,Selênio 300 mg,,Fórmula manipulada para apoiar imunidade. Qualidade e entrega nacional.,"Selênio 300 mg é uma fórmula manipulada que pode contribuir para seu bem-estar. Composição: Selênio 300 mg. Use conforme orientação do seu médico ou nutricionista. Manter em local seco, longe da luz. Consulte um profissional de saúde antes do uso.",Selênio 300 mg | Me Joy,Selênio 300 mg. Fórmula manipulada. Entrega em todo Brasil. Me Joy.
MJOY-0186,6590,Quercetina 500 mg,,Fórmula manipulada para apoiar imunidade. Qualidade e entrega nacional.,"Quercetina 500 mg é uma fórmula manipulada que pode contribuir para seu bem-estar. Composição: Quercetina 500 mg. Use conforme orientação do seu médico ou nutricionista. Manter em local seco, longe da luz. Consulte um profissional de saúde antes do uso.",Quercetina 500 mg | Me Joy,Quercetina 500 mg. Fórmula manipulada. Entrega em todo Brasil. Me Joy.
MJOY-0187,6590,NAC 500 mg,,Fórmula manipulada para apoiar detox & fígado. Qualidade e entrega nacional.,"NAC 500 mg é uma fórmula manipulada que pode contribuir para seu bem-estar. Composição: NAC 500 mg. Use conforme orientação do seu médico ou nutricionista. Manter em local seco, longe da luz. Consulte um profissional de saúde antes do uso.",NAC 500 mg | Me Joy,NAC 500 mg. Fórmula manipulada. Entrega em todo Brasil. Me Joy.
MJOY-0188,7890,Berberina 500 mg,,Fórmula manipulada para apoiar emagrecimento & metabolismo. Qualidade e entrega nacional.,"Berberina 500 mg é uma fórmula manipulada que pode contribuir para seu bem-estar. Composição: Berberina 500 mg. Use conforme orientação do seu médico ou nutricionista. Manter em local seco, longe da luz. Consulte um profissional de saúde antes do uso.",Berberina 500 mg | Me Joy,Berberina 500 mg. Fórmula manipulada. Entrega em todo Brasil. Me Joy.
MJOY-0189,6590,L-Carnitina 100 mg,,Fórmula manipulada para apoiar energia & performance. Qualidade e entrega nacional.,"L-Carnitina 100 mg é uma fórmula manipulada que pode contribuir para seu bem-estar. Composição: L-Carnitina 100 mg. Use conforme orientação do seu médico ou nutricionista. Manter em local seco, longe da luz. Consulte um profissional de saúde antes do uso.",L-Carnitina 100 mg | Me Joy,L-Carnitina 100 mg. Fórmula manipulada. Entrega em todo Brasil. Me Joy.
MJOY-0190,6590,Glutamina 300 mg,,Fórmula manipulada para apoiar intestino. Qualidade e entrega nacional.,"Glutamina 300 mg é uma fórmula manipulada que pode contribuir para seu bem-estar. Composição: Glutamina 300 mg. Use conforme orientação do seu médico ou nutricionista. Manter em local seco, longe da luz. Consulte um profissional de saúde antes do uso.",Glutamina 300 mg | Me Joy,Glutamina 300 mg. Fórmula manipulada. Entrega em todo Brasil. Me Joy.
MJOY-0191,6590,Multivitamínico 500 mg,,Fórmula manipulada para apoiar imunidade. Qualidade e entrega nacional.,"Multivitamínico 500 mg é uma fórmula manipulada que pode contribuir para seu bem-estar. Composição: Multivitamínico 500 mg. Use conforme orientação do seu médico ou nutricionista. Manter em local seco, longe da luz. Consulte um profissional de saúde antes do uso.",Multivitamínico 500 mg | Me Joy,Multivitamínico 500 mg. Fórmula manipulada. Entrega em todo Brasil. Me Joy.
MJOY-0192,5590,Inibidor De Apetite (Fibras) 5% + ativos,,Fórmula manipulada para apoiar emagrecimento & metabolismo. Qualidade e entrega nacional.,"Inibidor De Apetite (Fibras) 5% + ativos é uma fórmula manipulada que pode contribuir para seu bem-estar. Composição: Inibidor De Apetite (Fibras) 5% + ativos. Use conforme orientação do seu médico ou nutricionista. Manter em local seco, longe da luz. Consulte um profissional de saúde antes do uso.",Inibidor De Apetite (Fibras) 5% + ativos | Me Joy,Inibidor De Apetite (Fibras) 5% + ativos. Fórmula manipulada. Entrega em todo Brasil. Me Joy.
MJOY-0193,6690,Ácido Hialurônico 5% + ativos,,Fórmula manipulada para apoiar pele & beleza. Qualidade e entrega nacional.,"Ácido Hialurônico 5% + ativos é uma fórmula manipulada que pode contribuir para seu bem-estar. Composição: Ácido Hialurônico 5% + ativos. Use conforme orientação do seu médico ou nutricionista. Manter em local seco, longe da luz. Consulte um profissional de saúde antes do uso.",Ácido Hialurônico 5% + ativos | Me Joy,Ácido Hialurônico 5% + ativos. Fórmula manipulada. Entrega em todo Brasil. Me Joy.
MJOY-0194,7990,Tribulus Terrestris 500 mg (40% saponinas),,Fórmula manipulada para apoiar hormonal & libido. Qualidade e entrega nacional.,"Tribulus Terrestris 500 mg (40% saponinas) é uma fórmula manipulada que pode contribuir para seu bem-estar. Composição: Tribulus Terrestris 500 mg (40% saponinas). Use conforme orientação do seu médico ou nutricionista. Manter em local seco, longe da luz. Consulte um profissional de saúde antes do uso.",Tribulus Terrestris 500 mg (40% saponinas) | Me Joy,Tribulus Terrestris 500 mg (40% saponinas). Fórmula manipulada. Entrega em todo Brasil. Me Joy.
MJOY-0195,6590,Creatina 200 g,,Fórmula manipulada para apoiar energia & performance. Qualidade e entrega nacional.,"Creatina 200 g é uma fórmula manipulada que pode contribuir para seu bem-estar. Composição: Creatina 200 g. Use conforme orientação do seu médico ou nutricionista. Manter em local seco, longe da luz. Consulte um profissional de saúde antes do uso.",Creatina 200 g | Me Joy,Creatina 200 g. Fórmula manipulada. Entrega em todo Brasil. Me Joy.
MJOY-0196,5590,Colina 5% + ativos,,Fórmula manipulada para apoiar detox & fígado. Qualidade e entrega nacional.,"Colina 5% + ativos é uma fórmula manipulada que pode contribuir para seu bem-estar. Composição: Colina 5% + ativos. Use conforme orientação do seu médico ou nutricionista. Manter em local seco, longe da luz. Consulte um profissional de saúde antes do uso.",Colina 5% + ativos | Me Joy,Colina 5% + ativos. Fórmula manipulada. Entrega em todo Brasil. Me Joy.
MJOY-0197,5590,Psyllium 300 g,,Fórmula manipulada para apoiar emagrecimento & metabolismo. Qualidade e entrega nacional.,"Psyllium 300 g é uma fórmula manipulada que pode contribuir para seu bem-estar. Composição: Psyllium 300 g. Use conforme orientação do seu médico ou nutricionista. Manter em local seco, longe da luz. Consulte um profissional de saúde antes do uso.",Psyllium 300 g | Me Joy,Psyllium 300 g. Fórmula manipulada. Entrega em todo Brasil. Me Joy.
MJOY-0198,7890,Resveratrol 500 mg,,Fórmula manipulada para apoiar pele & beleza. Qualidade e entrega nacional.,"Resveratrol 500 mg é uma fórmula manipulada que pode contribuir para seu bem-estar. Composição: Resveratrol 500 mg. Use conforme orientação do seu médico ou nutricionista. Manter em local seco, longe da luz. Consulte um profissional de saúde antes do uso.",Resveratrol 500 mg | Me Joy,Resveratrol 500 mg. Fórmula manipulada. Entrega em todo Brasil. Me Joy.
MJOY-0199,6590,Saw Palmetto 160 mg,,Fórmula manipulada para apoiar hormonal & libido. Qualidade e entrega nacional.,"Saw Palmetto 160 mg é uma fórmula manipulada que pode contribuir para seu bem-estar. Composição: Saw Palmetto 160 mg. Use conforme orientação do seu médico ou nutricionista. Manter em local seco, longe da luz. Consulte um profissional de saúde antes do uso.",Saw Palmetto 160 mg | Me Joy,Saw Palmetto 160 mg. Fórmula manipulada. Entrega em todo Brasil. Me Joy.
MJOY-0200,7290,Óleo De Hortelã-Pimenta,,Fórmula manipulada para apoiar intestino. Qualidade e entrega nacional.,"Óleo De Hortelã-Pimenta é uma fórmula manipulada que pode contribuir para seu bem-estar. Composição: Óleo De Hortelã-Pimenta. Use conforme orientação do seu médico ou nutricionista. Manter em local seco, longe da luz. Consulte um profissional de saúde antes do uso.",Óleo De Hortelã-Pimenta | Me Joy,Óleo De Hortelã-Pimenta. Fórmula manipulada. Entrega em todo Brasil. Me Joy.