sku,name,objective_primary,category_nav,form_display,form_key,pack_size_display,requires_rx,requires_validation,can_subscribe,subscription_plan_default,subscription_discount_pct,price_pix_brl,price_card_brl,compare_at_brl,cogs_estimate_brl,margin_target_pct,lead_time_days,shipping_class,seo_slug,seo_title,tags,short_benefit,active_ingredients,whatsapp_flow,upsell_parametrizado,builder_template_id,status,priority_rank
MJOY-0001,5-HTP 50 mg,Sono,Sono,Cápsulas,caps,120 cápsulas,False,False,True,MENSAL,10,,,,,65,2,PADRAO,5-htp-50-mg,5-HTP 50 mg | MeJoy,sono;manipulado;moonjoy,Fórmula manipulada para apoiar seu objetivo com praticidade e recorrência.,5-HTP 50 mg,none,True,5-htp,draft,1
MJOY-0002,Cúrcuma 450 mg,Saúde,Saúde,Cápsulas,caps,120 cápsulas,False,False,True,MENSAL,10,,,,,65,2,PADRAO,curcuma-450-mg-mjoy-0002,Cúrcuma 450 mg | MeJoy,saúde;manipulado;moonjoy,Fórmula manipulada para apoiar seu objetivo com praticidade e recorrência.,Cúrcuma 450 mg,none,True,curcuma,draft,2
MJOY-0003,Minoxidil Turbinado 100 mL,Cabelo,Cabelo,Solução Tópica,topical,100 mL,True,False,True,MENSAL,10,,,,,65,2,PADRAO,minoxidil-turbinado-100-ml,Minoxidil Turbinado 100 mL | MeJoy,cabelo;manipulado;moonjoy,Fórmula manipulada para apoiar seu objetivo com praticidade e recorrência.,Minoxidil Turbinado 100 mL,rx_upload,True,minoxidil,draft,3
MJOY-0004,Morosil 500 mg,Emagrecimento & Metabolismo,Emagrecimento & Metabolismo,Cápsulas,caps,120 cápsulas,False,False,True,MENSAL,10,,,,,65,2,PADRAO,morosil-500-mg,Morosil 500 mg | MeJoy,emagrecimento-&-metabolismo;manipulado;moonjoy,Fórmula manipulada para apoiar seu objetivo com praticidade e recorrência.,Morosil 500 mg,none,True,morosil,draft,4
MJOY-0005,Citrato de Magnésio 500 mg,Saúde,Saúde,Pó,powder,200 g,False,False,True,MENSAL,10,,,,,65,2,PADRAO,citrato-de-magnesio-500-mg,Citrato de Magnésio 500 mg | MeJoy,saúde;manipulado;moonjoy,Fórmula manipulada para apoiar seu objetivo com praticidade e recorrência.,Citrato de Magnésio 500 mg,none,True,citrato,draft,5
MJOY-0006,Vitamina D3 2000 UI,Imunidade,Imunidade,Cápsulas,caps,120 cápsulas,False,False,True,MENSAL,10,,,,,65,2,PADRAO,vitamina-d3-2000-ui,Vitamina D3 2000 UI | MeJoy,imunidade;manipulado;moonjoy,Fórmula manipulada para apoiar seu objetivo com praticidade e recorrência.,Vitamina D3 2000 UI,none,True,vitamina,draft,6
MJOY-0007,Silimarina 200 mg,Pele & Beleza,Pele & Beleza,Sachê,sachet,30 sachês,False,False,True,MENSAL,10,,,,,65,2,PADRAO,silimarina-200-mg,Silimarina 200 mg | MeJoy,pele-&-beleza;manipulado;moonjoy,Fórmula manipulada para apoiar seu objetivo com praticidade e recorrência.,Silimarina 200 mg,none,True,silimarina,draft,7
MJOY-0008,Saw Palmetto 160 mg,Cabelo,Cabelo,Cápsulas,caps,60 cápsulas,False,False,True,MENSAL,10,,,,,65,2,PADRAO,saw-palmetto-160-mg-mjoy-0008,Saw Palmetto 160 mg | MeJoy,cabelo;manipulado;moonjoy,Fórmula manipulada para apoiar seu objetivo com praticidade e recorrência.,Saw Palmetto 160 mg,none,True,saw,draft,8
MJOY-0009,Rhodiola Rosea 200 mg,Ansiedade & Humor,Ansiedade & Humor,Cápsulas,caps,60 cápsulas,False,False,True,MENSAL,10,,,,,65,2,PADRAO,rhodiola-rosea-200-mg-mjoy-0009,Rhodiola Rosea 200 mg | MeJoy,ansiedade-&-humor;manipulado;moonjoy,Fórmula manipulada para apoiar seu objetivo com praticidade e recorrência.,Rhodiola Rosea 200 mg,none,True,rhodiola,draft,9
MJOY-0010,Maca Peruana 500 mg,Hormonal & Libido,Hormonal & Libido,Pó,powder,200 g,False,False,True,MENSAL,10,,,,,65,2,PADRAO,maca-peruana-500-mg-mjoy-0010,Maca Peruana 500 mg | MeJoy,hormonal-&-libido;manipulado;moonjoy,Fórmula manipulada para apoiar seu objetivo com praticidade e recorrência.,Maca Peruana 500 mg,none,True,maca,draft,10
MJOY-0011,Tribulus Terrestris 500 mg (40% saponinas),Hormonal & Libido,Hormonal & Libido,Pó,powder,200 g,False,False,True,MENSAL,10,,,,,65,2,PADRAO,tribulus-terrestris-500-mg-40-saponinas-mjoy-0011,Tribulus Terrestris 500 mg (40% saponinas) | MeJoy,hormonal-&-libido;manipulado;moonjoy,Fórmula manipulada para apoiar seu objetivo com praticidade e recorrência.,Tribulus Terrestris 500 mg (40% saponinas),none,True,tribulus,draft,11
MJOY-0012,Cafeína 420 mg,Energia & Performance,Energia & Performance,Sachê,sachet,30 sachês,False,False,True,MENSAL,10,,,,,65,2,PADRAO,cafeina-420-mg,Cafeína 420 mg | MeJoy,energia-&-performance;manipulado;moonjoy,Fórmula manipulada para apoiar seu objetivo com praticidade e recorrência.,Cafeína 420 mg,none,True,cafeina,draft,12
MJOY-0013,Berberina 500 mg,Emagrecimento & Metabolismo,Emagrecimento & Metabolismo,Pó,powder,200 g,False,False,True,MENSAL,10,,,,,65,2,PADRAO,berberina-500-mg-mjoy-0013,Berberina 500 mg | MeJoy,emagrecimento-&-metabolismo;manipulado;moonjoy,Fórmula manipulada para apoiar seu objetivo com praticidade e recorrência.,Berberina 500 mg,none,True,berberina,draft,13
MJOY-0014,Picolinato de Cromo 200 mcg,Emagrecimento & Metabolismo,Emagrecimento & Metabolismo,Cápsulas,caps,120 cápsulas,False,False,True,MENSAL,10,,,,,65,2,PADRAO,picolinato-de-cromo-200-mcg,Picolinato de Cromo 200 mcg | MeJoy,emagrecimento-&-metabolismo;manipulado;moonjoy,Fórmula manipulada para apoiar seu objetivo com praticidade e recorrência.,Picolinato de Cromo 200 mcg,none,True,picolinato,draft,14
MJOY-0015,Multivitamínico A-Z,Imunidade,Imunidade,Cápsulas,caps,60 cápsulas,False,False,True,MENSAL,10,,,,,65,2,PADRAO,multivitaminico-a-z,Multivitamínico A-Z | MeJoy,imunidade;manipulado;moonjoy,Fórmula manipulada para apoiar seu objetivo com praticidade e recorrência.,Multivitamínico A-Z,none,True,multivitaminico,draft,15
MJOY-0016,Inositol 500 mg,Ansiedade & Humor,Ansiedade & Humor,Cápsulas,caps,120 cápsulas,False,False,True,MENSAL,10,,,,,65,2,PADRAO,inositol-500-mg-mjoy-0016,Inositol 500 mg | MeJoy,ansiedade-&-humor;manipulado;moonjoy,Fórmula manipulada para apoiar seu objetivo com praticidade e recorrência.,Inositol 500 mg,none,True,inositol,draft,16
MJOY-0017,Coenzima Q10 100 mg,Energia & Performance,Energia & Performance,Pó,powder,200 g,False,False,True,MENSAL,10,,,,,65,2,PADRAO,coenzima-q10-100-mg,Coenzima Q10 100 mg | MeJoy,energia-&-performance;manipulado;moonjoy,Fórmula manipulada para apoiar seu objetivo com praticidade e recorrência.,Coenzima Q10 100 mg,none,True,coenzima,draft,17
MJOY-0018,NAC 600 mg,Pele & Beleza,Pele & Beleza,Sachê,sachet,30 sachês,False,False,True,MENSAL,10,,,,,65,2,PADRAO,nac-600-mg,NAC 600 mg | MeJoy,pele-&-beleza;manipulado;moonjoy,Fórmula manipulada para apoiar seu objetivo com praticidade e recorrência.,NAC 600 mg,none,True,nac,draft,18
MJOY-0019,Quercetina 500 mg,Imunidade,Imunidade,Pó,powder,200 g,False,False,True,MENSAL,10,,,,,65,2,PADRAO,quercetina-500-mg-mjoy-0019,Quercetina 500 mg | MeJoy,imunidade;manipulado;moonjoy,Fórmula manipulada para apoiar seu objetivo com praticidade e recorrência.,Quercetina 500 mg,none,True,quercetina,draft,19
MJOY-0020,Ômega-3 (EPA/DHA),Articulações,Articulações,Cápsulas,caps,60 cápsulas,False,False,True,MENSAL,10,,,,,65,2,PADRAO,omega-3-epa-dha,Ômega-3 (EPA/DHA) | MeJoy,articulações;manipulado;moonjoy,Fórmula manipulada para apoiar seu objetivo com praticidade e recorrência.,Ômega-3 (EPA/DHA),none,True,omega-3,draft,20
MJOY-0021,Colágeno Hidrolisado,Pele & Beleza,Pele & Beleza,Pó,powder,200 g,False,False,True,MENSAL,10,,,,,65,2,PADRAO,colageno-hidrolisado,Colágeno Hidrolisado | MeJoy,pele-&-beleza;manipulado;moonjoy,Fórmula manipulada para apoiar seu objetivo com praticidade e recorrência.,Colágeno Hidrolisado,none,True,colageno,draft,21
MJOY-0022,Biotina 5 mg,Pele & Beleza,Pele & Beleza,Sachê,sachet,30 sachês,False,False,True,MENSAL,10,,,,,65,2,PADRAO,biotina-5-mg-mjoy-0022,Biotina 5 mg | MeJoy,pele-&-beleza;manipulado;moonjoy,Fórmula manipulada para apoiar seu objetivo com praticidade e recorrência.,Biotina 5 mg,none,True,biotina,draft,22
MJOY-0023,Zinco 30 mg,Imunidade,Imunidade,Sachê,sachet,30 sachês,False,False,True,MENSAL,10,,,,,65,2,PADRAO,zinco-30-mg-mjoy-0023,Zinco 30 mg | MeJoy,imunidade;manipulado;moonjoy,Fórmula manipulada para apoiar seu objetivo com praticidade e recorrência.,Zinco 30 mg,none,True,zinco,draft,23
MJOY-0024,Vitamina C 1000 mg,Imunidade,Imunidade,Cápsulas,caps,60 cápsulas,False,False,True,MENSAL,10,,,,,65,2,PADRAO,vitamina-c-1000-mg,Vitamina C 1000 mg | MeJoy,imunidade;manipulado;moonjoy,Fórmula manipulada para apoiar seu objetivo com praticidade e recorrência.,Vitamina C 1000 mg,none,True,vitamina,draft,24
MJOY-0025,Creatina Monohidratada 200 g,Energia & Performance,Energia & Performance,Cápsulas,caps,60 cápsulas,False,False,True,MENSAL,10,,,,,65,2,PADRAO,creatina-monohidratada-200-g,Creatina Monohidratada 200 g | MeJoy,energia-&-performance;manipulado;moonjoy,Fórmula manipulada para apoiar seu objetivo com praticidade e recorrência.,Creatina Monohidratada 200 g,none,True,creatina,draft,25
MJOY-0026,Beta Alanina 3.2 g,Energia & Performance,Energia & Performance,Cápsulas,caps,120 cápsulas,False,False,True,MENSAL,10,,,,,65,2,PADRAO,beta-alanina-3-2-g,Beta Alanina 3.2 g | MeJoy,energia-&-performance;manipulado;moonjoy,Fórmula manipulada para apoiar seu objetivo com praticidade e recorrência.,Beta Alanina 3.2 g,none,True,beta,draft,26
MJOY-0027,Psyllium 300 g,Emagrecimento & Metabolismo,Emagrecimento & Metabolismo,Pó,powder,200 g,False,False,True,MENSAL,10,,,,,65,2,PADRAO,psyllium-300-g-mjoy-0027,Psyllium 300 g | MeJoy,emagrecimento-&-metabolismo;manipulado;moonjoy,Fórmula manipulada para apoiar seu objetivo com praticidade e recorrência.,Psyllium 300 g,none,True,psyllium,draft,27
MJOY-0028,Glutamina 300 g,Intestino,Intestino,Cápsulas,caps,60 cápsulas,False,False,True,MENSAL,10,,,,,65,2,PADRAO,glutamina-300-g,Glutamina 300 g | MeJoy,intestino;manipulado;moonjoy,Fórmula manipulada para apoiar seu objetivo com praticidade e recorrência.,Glutamina 300 g,none,True,glutamina,draft,28
MJOY-0029,Valeriana 300 mg,Sono,Sono,Sachê,sachet,30 sachês,False,False,True,MENSAL,10,,,,,65,2,PADRAO,valeriana-300-mg,Valeriana 300 mg | MeJoy,sono;manipulado;moonjoy,Fórmula manipulada para apoiar seu objetivo com praticidade e recorrência.,Valeriana 300 mg,none,True,valeriana,draft,29
MJOY-0030,Passiflora 300 mg,Sono,Sono,Cápsulas,caps,120 cápsulas,False,False,True,MENSAL,10,,,,,65,2,PADRAO,passiflora-300-mg,Passiflora 300 mg | MeJoy,sono;manipulado;moonjoy,Fórmula manipulada para apoiar seu objetivo com praticidade e recorrência.,Passiflora 300 mg,none,True,passiflora,draft,30
MJOY-0031,Resveratrol 500 mg,Detox & Fígado,Detox & Fígado,Gotas,drops,30 mL,False,False,True,MENSAL,10,,,,,65,2,PADRAO,resveratrol-500-mg-mjoy-0031,Resveratrol 500 mg | MeJoy,detox-&-fígado;manipulado;moonjoy,Fórmula manipulada com qualidade e entrega nacional.,Resveratrol 500 mg,none,True,resveratrol,draft,31
MJOY-0032,Citrulina 500 mg,Energia & Performance,Energia & Performance,Sachê,sachet,30 sachês,False,False,True,MENSAL,10,,,,,65,2,PADRAO,citrulina-500-mg-mjoy-0032,Citrulina 500 mg | MeJoy,energia-&-performance;manipulado;moonjoy,Fórmula manipulada com qualidade e entrega nacional.,Citrulina 500 mg,none,True,citrulina,draft,32
MJOY-0033,Glutamina 500 mg,Intestino,Intestino,Cápsulas,caps,60 cápsulas,False,False,True,MENSAL,10,,,,,65,2,PADRAO,glutamina-500-mg,Glutamina 500 mg | MeJoy,intestino;manipulado;moonjoy,Fórmula manipulada com qualidade e entrega nacional.,Glutamina 500 mg,none,True,glutamina,draft,33
MJOY-0034,Colina 100 mg,Detox & Fígado,Detox & Fígado,Creme,cream,50 g,False,False,True,MENSAL,10,,,,,65,2,PADRAO,colina-100-mg,Colina 100 mg | MeJoy,detox-&-fígado;manipulado;moonjoy,Fórmula manipulada com qualidade e entrega nacional.,Colina 100 mg,none,True,colina,draft,34
MJOY-0035,Inibidor De Apetite (Fibras) 100 mg,Emagrecimento & Metabolismo,Emagrecimento & Metabolismo,Shampoo,shampoo,200 mL,False,False,True,MENSAL,10,,,,,65,2,PADRAO,inibidor-de-apetite-fibras-100-mg-mjoy-0035,Inibidor De Apetite (Fibras) 100 mg | MeJoy,emagrecimento-&-metabolismo;manipulado;moonjoy,Fórmula manipulada com qualidade e entrega nacional.,Inibidor De Apetite (Fibras) 100 mg,none,True,inibidor-de-apetite-fibras,draft,35
MJOY-0036,Inositol 500 mg,Ansiedade & Humor,Ansiedade & Humor,Cápsulas,caps,120 cápsulas,False,False,True,MENSAL,10,,,,,65,2,PADRAO,inositol-500-mg-mjoy-0036,Inositol 500 mg | MeJoy,ansiedade-&-humor;manipulado;moonjoy,Fórmula manipulada com qualidade e entrega nacional.,Inositol 500 mg,none,True,inositol,draft,36
MJOY-0037,Taurina 5% + ativos,Energia & Performance,Energia & Performance,Solução Tópica,topical,100 mL,False,False,True,MENSAL,10,,,,,65,3,PADRAO,taurina-5-ativos-mjoy-0037,Taurina 5% + ativos | MeJoy,energia-&-performance;manipulado;moonjoy,Fórmula manipulada com qualidade e entrega nacional.,Taurina 5% + ativos,none,True,taurina,draft,37
MJOY-0038,L-Carnitina 5% + ativos,Energia & Performance,Energia & Performance,Solução Tópica,topical,100 mL,False,False,True,MENSAL,10,,,,,65,3,PADRAO,l-carnitina-5-ativos,L-Carnitina 5% + ativos | MeJoy,energia-&-performance;manipulado;moonjoy,Fórmula manipulada com qualidade e entrega nacional.,L-Carnitina 5% + ativos,none,True,l-carnitina,draft,38
MJOY-0039,5-HTP,Ansiedade & Humor,Ansiedade & Humor,Pó,powder,200 g,False,False,True,MENSAL,10,,,,,65,2,PADRAO,5-htp,5-HTP | MeJoy,ansiedade-&-humor;manipulado;moonjoy,Fórmula manipulada com qualidade e entrega nacional.,5-HTP,none,True,5-htp,draft,39
MJOY-0040,Glicina 5% + ativos,Sono,Sono,Solução Tópica,topical,100 mL,False,False,True,MENSAL,10,,,,,65,3,PADRAO,glicina-5-ativos-mjoy-0040,Glicina 5% + ativos | MeJoy,sono;manipulado;moonjoy,Fórmula manipulada com qualidade e entrega nacional.,Glicina 5% + ativos,none,True,glicina,draft,40
MJOY-0041,L-Teanina 5% + ativos,Sono,Sono,Solução Tópica,topical,100 mL,False,False,True,MENSAL,10,,,,,65,3,PADRAO,l-teanina-5-ativos,L-Teanina 5% + ativos | MeJoy,sono;manipulado;moonjoy,Fórmula manipulada com qualidade e entrega nacional.,L-Teanina 5% + ativos,none,True,l-teanina,draft,41
MJOY-0042,Multivitamínico 100 mg,Imunidade,Imunidade,Creme,cream,50 g,False,False,True,MENSAL,10,,,,,65,2,PADRAO,multivitaminico-100-mg,Multivitamínico 100 mg | MeJoy,imunidade;manipulado;moonjoy,Fórmula manipulada com qualidade e entrega nacional.,Multivitamínico 100 mg,none,True,multivitaminico,draft,42
MJOY-0043,Glicina 100 mg,Sono,Sono,Creme,cream,50 g,False,False,True,MENSAL,10,,,,,65,2,PADRAO,glicina-100-mg-mjoy-0043,Glicina 100 mg | MeJoy,sono;manipulado;moonjoy,Fórmula manipulada com qualidade e entrega nacional.,Glicina 100 mg,none,True,glicina,draft,43
MJOY-0044,Cactin 500 mg,Emagrecimento & Metabolismo,Emagrecimento & Metabolismo,Creme,cream,50 g,False,False,True,MENSAL,10,,,,,65,2,PADRAO,cactin-500-mg,Cactin 500 mg | MeJoy,emagrecimento-&-metabolismo;manipulado;moonjoy,Fórmula manipulada com qualidade e entrega nacional.,Cactin 500 mg,none,True,cactin,draft,44
MJOY-0045,Vitamina D3 5.000 UI,Imunidade,Imunidade,Creme,cream,50 g,False,False,True,MENSAL,10,,,,,65,2,PADRAO,vitamina-d3-5-000-ui-mjoy-0045,Vitamina D3 5.000 UI | MeJoy,imunidade;manipulado;moonjoy,Fórmula manipulada com qualidade e entrega nacional.,Vitamina D3 5.000 UI,none,True,vitamina-d3,draft,45
MJOY-0046,Glutamina 100 mg,Intestino,Intestino,Gotas,drops,30 mL,False,False,True,MENSAL,10,,,,,65,2,PADRAO,glutamina-100-mg,Glutamina 100 mg | MeJoy,intestino;manipulado;moonjoy,Fórmula manipulada com qualidade e entrega nacional.,Glutamina 100 mg,none,True,glutamina,draft,46
MJOY-0047,Taurina 5% + ativos,Detox & Fígado,Detox & Fígado,Solução Tópica,topical,100 mL,False,False,True,MENSAL,10,,,,,65,3,PADRAO,taurina-5-ativos-mjoy-0047,Taurina 5% + ativos | MeJoy,detox-&-fígado;manipulado;moonjoy,Fórmula manipulada com qualidade e entrega nacional.,Taurina 5% + ativos,none,True,taurina,draft,47
MJOY-0048,Psyllium 300 g,Intestino,Intestino,Cápsulas,caps,60 cápsulas,False,False,True,MENSAL,10,,,,,65,2,PADRAO,psyllium-300-g-mjoy-0048,Psyllium 300 g | MeJoy,intestino;manipulado;moonjoy,Fórmula manipulada com qualidade e entrega nacional.,Psyllium 300 g,none,True,psyllium,draft,48
MJOY-0049,Taurina 100 mg,Detox & Fígado,Detox & Fígado,Gotas,drops,30 mL,False,False,True,MENSAL,10,,,,,65,2,PADRAO,taurina-100-mg-mjoy-0049,Taurina 100 mg | MeJoy,detox-&-fígado;manipulado;moonjoy,Fórmula manipulada com qualidade e entrega nacional.,Taurina 100 mg,none,True,taurina,draft,49
MJOY-0050,Rhodiola Rosea 200 mg,Ansiedade & Humor,Ansiedade & Humor,Gotas,drops,30 mL,False,False,True,MENSAL,10,,,,,65,2,PADRAO,rhodiola-rosea-200-mg-mjoy-0050,Rhodiola Rosea 200 mg | MeJoy,ansiedade-&-humor;manipulado;moonjoy,Fórmula manipulada com qualidade e entrega nacional.,Rhodiola Rosea 200 mg,none,True,rhodiola-rosea,draft,50
MJOY-0051,Creatina 200 g,Energia & Performance,Energia & Performance,Cápsulas,caps,120 cápsulas,False,False,True,MENSAL,10,,,,,65,2,PADRAO,creatina-200-g-mjoy-0051,Creatina 200 g | MeJoy,energia-&-performance;manipulado;moonjoy,Fórmula manipulada com qualidade e entrega nacional.,Creatina 200 g,none,True,creatina,draft,51
MJOY-0052,Glicina 5% + ativos,Sono,Sono,Solução Tópica,topical,100 mL,False,False,True,MENSAL,10,,,,,65,3,PADRAO,glicina-5-ativos-mjoy-0052,Glicina 5% + ativos | MeJoy,sono;manipulado;moonjoy,Fórmula manipulada com qualidade e entrega nacional.,Glicina 5% + ativos,none,True,glicina,draft,52
MJOY-0053,L-Teanina,Sono,Sono,Pó,powder,200 g,False,False,True,MENSAL,10,,,,,65,2,PADRAO,l-teanina,L-Teanina | MeJoy,sono;manipulado;moonjoy,Fórmula manipulada com qualidade e entrega nacional.,L-Teanina,none,True,l-teanina,draft,53
MJOY-0054,Própolis 100 mg,Imunidade,Imunidade,Gotas,drops,30 mL,False,False,True,MENSAL,10,,,,,65,2,PADRAO,propolis-100-mg,Própolis 100 mg | MeJoy,imunidade;manipulado;moonjoy,Fórmula manipulada com qualidade e entrega nacional.,Própolis 100 mg,none,True,propolis,draft,54
MJOY-0055,Vitamina D3 5% + ativos,Imunidade,Imunidade,Solução Tópica,topical,100 mL,False,False,True,MENSAL,10,,,,,65,3,PADRAO,vitamina-d3-5-ativos,Vitamina D3 5% + ativos | MeJoy,imunidade;manipulado;moonjoy,Fórmula manipulada com qualidade e entrega nacional.,Vitamina D3 5% + ativos,none,True,vitamina-d3,draft,55
MJOY-0056,Tribulus Terrestris 500 mg (40% saponinas),Hormonal & Libido,Hormonal & Libido,Sachê,sachet,30 sachês,False,False,True,MENSAL,10,,,,,65,2,PADRAO,tribulus-terrestris-500-mg-40-saponinas-mjoy-0056,Tribulus Terrestris 500 mg (40% saponinas) | MeJoy,hormonal-&-libido;manipulado;moonjoy,Fórmula manipulada com qualidade e entrega nacional.,Tribulus Terrestris 500 mg (40% saponinas),none,True,tribulus-terrestris,draft,56
MJOY-0057,Biotina 5 mg,Cabelo,Cabelo,Shampoo,shampoo,200 mL,False,False,True,MENSAL,10,,,,,65,2,PADRAO,biotina-5-mg-mjoy-0057,Biotina 5 mg | MeJoy,cabelo;manipulado;moonjoy,Fórmula manipulada com qualidade e entrega nacional.,Biotina 5 mg,none,True,biotina,draft,57
MJOY-0058,Melatonina 5% + ativos,Sono,Sono,Solução Tópica,topical,100 mL,False,False,True,MENSAL,10,,,,,65,3,PADRAO,melatonina-5-ativos,Melatonina 5% + ativos | MeJoy,sono;manipulado;moonjoy,Fórmula manipulada com qualidade e entrega nacional.,Melatonina 5% + ativos,none,True,melatonina,draft,58
MJOY-0059,Picolinato De Cromo 5% + ativos,Emagrecimento & Metabolismo,Emagrecimento & Metabolismo,Solução Tópica,topical,100 mL,False,False,True,MENSAL,10,,,,,65,3,PADRAO,picolinato-de-cromo-5-ativos,Picolinato De Cromo 5% + ativos | MeJoy,emagrecimento-&-metabolismo;manipulado;moonjoy,Fórmula manipulada com qualidade e entrega nacional.,Picolinato De Cromo 5% + ativos,none,True,picolinato-de-cromo,draft,59
MJOY-0060,Rhodiola Rosea 200 mg,Ansiedade & Humor,Ansiedade & Humor,Gotas,drops,30 mL,False,False,True,MENSAL,10,,,,,65,2,PADRAO,rhodiola-rosea-200-mg-mjoy-0060,Rhodiola Rosea 200 mg | MeJoy,ansiedade-&-humor;manipulado;moonjoy,Fórmula manipulada com qualidade e entrega nacional.,Rhodiola Rosea 200 mg,none,True,rhodiola-rosea,draft,60
MJOY-0061,Enzimas Digestivas 300 mg,Intestino,Intestino,Cápsulas,caps,60 cápsulas,False,False,True,MENSAL,10,,,,,65,2,PADRAO,enzimas-digestivas-300-mg,Enzimas Digestivas 300 mg | MeJoy,intestino;manipulado;moonjoy,Fórmula manipulada com qualidade e entrega nacional.,Enzimas Digestivas 300 mg,none,True,enzimas-digestivas,draft,61
MJOY-0062,Inulina 300 mg,Intestino,Intestino,Shampoo,shampoo,200 mL,False,False,True,MENSAL,10,,,,,65,2,PADRAO,inulina-300-mg,Inulina 300 mg | MeJoy,intestino;manipulado;moonjoy,Fórmula manipulada com qualidade e entrega nacional.,Inulina 300 mg,none,True,inulina,draft,62
MJOY-0063,Cactin 300 mg,Emagrecimento & Metabolismo,Emagrecimento & Metabolismo,Cápsulas,caps,120 cápsulas,False,False,True,MENSAL,10,,,,,65,2,PADRAO,cactin-300-mg,Cactin 300 mg | MeJoy,emagrecimento-&-metabolismo;manipulado;moonjoy,Fórmula manipulada com qualidade e entrega nacional.,Cactin 300 mg,none,True,cactin,draft,63
MJOY-0064,Probiótico,Intestino,Intestino,Pó,powder,200 g,False,False,True,MENSAL,10,,,,,65,2,PADRAO,probiotico,Probiótico | MeJoy,intestino;manipulado;moonjoy,Fórmula manipulada com qualidade e entrega nacional.,Probiótico,none,True,probiotico,draft,64
MJOY-0065,Butirato 100 mg,Intestino,Intestino,Gotas,drops,30 mL,False,False,True,MENSAL,10,,,,,65,2,PADRAO,butirato-100-mg,Butirato 100 mg | MeJoy,intestino;manipulado;moonjoy,Fórmula manipulada com qualidade e entrega nacional.,Butirato 100 mg,none,True,butirato,draft,65
MJOY-0066,Psyllium 300 g,Intestino,Intestino,Cápsulas,caps,120 cápsulas,False,False,True,MENSAL,10,,,,,65,2,PADRAO,psyllium-300-g-mjoy-0066,Psyllium 300 g | MeJoy,intestino;manipulado;moonjoy,Fórmula manipulada com qualidade e entrega nacional.,Psyllium 300 g,none,True,psyllium,draft,66
MJOY-0067,Morosil,Emagrecimento & Metabolismo,Emagrecimento & Metabolismo,Pó,powder,200 g,False,False,True,MENSAL,10,,,,,65,2,PADRAO,morosil,Morosil | MeJoy,emagrecimento-&-metabolismo;manipulado;moonjoy,Fórmula manipulada com qualidade e entrega nacional.,Morosil,none,True,morosil,draft,67
MJOY-0068,Creatina,Energia & Performance,Energia & Performance,Pó,powder,200 g,False,False,True,MENSAL,10,,,,,65,2,PADRAO,creatina,Creatina | MeJoy,energia-&-performance;manipulado;moonjoy,Fórmula manipulada com qualidade e entrega nacional.,Creatina,none,True,creatina,draft,68
MJOY-0069,Colágeno 100 mg,Cabelo,Cabelo,Sachê,sachet,30 sachês,False,False,True,MENSAL,10,,,,,65,2,PADRAO,colageno-100-mg,Colágeno 100 mg | MeJoy,cabelo;manipulado;moonjoy,Fórmula manipulada com qualidade e entrega nacional.,Colágeno 100 mg,none,True,colageno,draft,69
MJOY-0070,Silimarina 500 mg,Detox & Fígado,Detox & Fígado,Cápsulas,caps,60 cápsulas,False,False,True,MENSAL,10,,,,,65,2,PADRAO,silimarina-500-mg-mjoy-0070,Silimarina 500 mg | MeJoy,detox-&-fígado;manipulado;moonjoy,Fórmula manipulada com qualidade e entrega nacional.,Silimarina 500 mg,none,True,silimarina,draft,70
MJOY-0071,Tribulus Terrestris 500 mg (40% saponinas),Hormonal & Libido,Hormonal & Libido,Creme,cream,50 g,False,False,True,MENSAL,10,,,,,65,2,PADRAO,tribulus-terrestris-500-mg-40-saponinas-mjoy-0071,Tribulus Terrestris 500 mg (40% saponinas) | MeJoy,hormonal-&-libido;manipulado;moonjoy,Fórmula manipulada com qualidade e entrega nacional.,Tribulus Terrestris 500 mg (40% saponinas),none,True,tribulus-terrestris,draft,71
MJOY-0072,Colina 500 mg,Detox & Fígado,Detox & Fígado,Sachê,sachet,30 sachês,False,False,True,MENSAL,10,,,,,65,2,PADRAO,colina-500-mg,Colina 500 mg | MeJoy,detox-&-fígado;manipulado;moonjoy,Fórmula manipulada com qualidade e entrega nacional.,Colina 500 mg,none,True,colina,draft,72
MJOY-0073,Colágeno 300 mg,Cabelo,Cabelo,Shampoo,shampoo,200 mL,False,False,True,MENSAL,10,,,,,65,2,PADRAO,colageno-300-mg,Colágeno 300 mg | MeJoy,cabelo;manipulado;moonjoy,Fórmula manipulada com qualidade e entrega nacional.,Colágeno 300 mg,none,True,colageno,draft,73
MJOY-0074,Butirato 500 mg,Intestino,Intestino,Shampoo,shampoo,200 mL,False,False,True,MENSAL,10,,,,,65,2,PADRAO,butirato-500-mg,Butirato 500 mg | MeJoy,intestino;manipulado;moonjoy,Fórmula manipulada com qualidade e entrega nacional.,Butirato 500 mg,none,True,butirato,draft,74
MJOY-0075,Valeriana 500 mg,Sono,Sono,Gotas,drops,30 mL,False,False,True,MENSAL,10,,,,,65,2,PADRAO,valeriana-500-mg-mjoy-0075,Valeriana 500 mg | MeJoy,sono;manipulado;moonjoy,Fórmula manipulada com qualidade e entrega nacional.,Valeriana 500 mg,none,True,valeriana,draft,75
MJOY-0076,Psyllium 300 g,Intestino,Intestino,Cápsulas,caps,60 cápsulas,False,False,True,MENSAL,10,,,,,65,2,PADRAO,psyllium-300-g-mjoy-0076,Psyllium 300 g | MeJoy,intestino;manipulado;moonjoy,Fórmula manipulada com qualidade e entrega nacional.,Psyllium 300 g,none,True,psyllium,draft,76
MJOY-0077,Silimarina,Pele & Beleza,Pele & Beleza,Pó,powder,200 g,False,False,True,MENSAL,10,,,,,65,2,PADRAO,silimarina,Silimarina | MeJoy,pele-&-beleza;manipulado;moonjoy,Fórmula manipulada com qualidade e entrega nacional.,Silimarina,none,True,silimarina,draft,77
MJOY-0078,Boswellia 500 mg,Articulações,Articulações,Gotas,drops,30 mL,False,False,True,MENSAL,10,,,,,65,2,PADRAO,boswellia-500-mg,Boswellia 500 mg | MeJoy,articulações;manipulado;moonjoy,Fórmula manipulada com qualidade e entrega nacional.,Boswellia 500 mg,none,True,boswellia,draft,78
MJOY-0079,Inibidor De Apetite (Fibras) 100 mg,Emagrecimento & Metabolismo,Emagrecimento & Metabolismo,Shampoo,shampoo,200 mL,False,False,True,MENSAL,10,,,,,65,2,PADRAO,inibidor-de-apetite-fibras-100-mg-mjoy-0079,Inibidor De Apetite (Fibras) 100 mg | MeJoy,emagrecimento-&-metabolismo;manipulado;moonjoy,Fórmula manipulada com qualidade e entrega nacional.,Inibidor De Apetite (Fibras) 100 mg,none,True,inibidor-de-apetite-fibras,draft,79
MJOY-0080,Enzimas Digestivas 100 mg,Intestino,Intestino,Cápsulas,caps,120 cápsulas,False,False,True,MENSAL,10,,,,,65,2,PADRAO,enzimas-digestivas-100-mg,Enzimas Digestivas 100 mg | MeJoy,intestino;manipulado;moonjoy,Fórmula manipulada com qualidade e entrega nacional.,Enzimas Digestivas 100 mg,none,True,enzimas-digestivas,draft,80
MJOY-0081,Inibidor De Apetite (Fibras) 300 mg,Emagrecimento & Metabolismo,Emagrecimento & Metabolismo,Creme,cream,50 g,False,False,True,MENSAL,10,,,,,65,2,PADRAO,inibidor-de-apetite-fibras-300-mg,Inibidor De Apetite (Fibras) 300 mg | MeJoy,emagrecimento-&-metabolismo;manipulado;moonjoy,Fórmula manipulada com qualidade e entrega nacional.,Inibidor De Apetite (Fibras) 300 mg,none,True,inibidor-de-apetite-fibras,draft,81
MJOY-0082,Alcachofra 500 mg,Detox & Fígado,Detox & Fígado,Gotas,drops,30 mL,False,False,True,MENSAL,10,,,,,65,2,PADRAO,alcachofra-500-mg,Alcachofra 500 mg | MeJoy,detox-&-fígado;manipulado;moonjoy,Fórmula manipulada com qualidade e entrega nacional.,Alcachofra 500 mg,none,True,alcachofra,draft,82
MJOY-0083,Resveratrol 500 mg,Pele & Beleza,Pele & Beleza,Cápsulas,caps,120 cápsulas,False,False,True,MENSAL,10,,,,,65,2,PADRAO,resveratrol-500-mg-mjoy-0083,Resveratrol 500 mg | MeJoy,pele-&-beleza;manipulado;moonjoy,Fórmula manipulada com qualidade e entrega nacional.,Resveratrol 500 mg,none,True,resveratrol,draft,83
MJOY-0084,NAC 300 mg,Detox & Fígado,Detox & Fígado,Gotas,drops,30 mL,False,False,True,MENSAL,10,,,,,65,2,PADRAO,nac-300-mg-mjoy-0084,NAC 300 mg | MeJoy,detox-&-fígado;manipulado;moonjoy,Fórmula manipulada com qualidade e entrega nacional.,NAC 300 mg,none,True,nac,draft,84
MJOY-0085,Citrulina 100 mg,Energia & Performance,Energia & Performance,Gotas,drops,30 mL,False,False,True,MENSAL,10,,,,,65,2,PADRAO,citrulina-100-mg,Citrulina 100 mg | MeJoy,energia-&-performance;manipulado;moonjoy,Fórmula manipulada com qualidade e entrega nacional.,Citrulina 100 mg,none,True,citrulina,draft,85
MJOY-0086,NAC 300 mg,Pele & Beleza,Pele & Beleza,Shampoo,shampoo,200 mL,False,False,True,MENSAL,10,,,,,65,2,PADRAO,nac-300-mg-mjoy-0086,NAC 300 mg | MeJoy,pele-&-beleza;manipulado;moonjoy,Fórmula manipulada com qualidade e entrega nacional.,NAC 300 mg,none,True,nac,draft,86
MJOY-0087,NAC 300 mg,Detox & Fígado,Detox & Fígado,Cápsulas,caps,60 cápsulas,False,False,True,MENSAL,10,,,,,65,2,PADRAO,nac-300-mg-mjoy-0087,NAC 300 mg | MeJoy,detox-&-fígado;manipulado;moonjoy,Fórmula manipulada com qualidade e entrega nacional.,NAC 300 mg,none,True,nac,draft,87
MJOY-0088,Própolis 500 mg,Imunidade,Imunidade,Cápsulas,caps,60 cápsulas,False,False,True,MENSAL,10,,,,,65,2,PADRAO,propolis-500-mg,Própolis 500 mg | MeJoy,imunidade;manipulado;moonjoy,Fórmula manipulada com qualidade e entrega nacional.,Própolis 500 mg,none,True,propolis,draft,88
MJOY-0089,Vitamina D3,Imunidade,Imunidade,Pó,powder,200 g,False,False,True,MENSAL,10,,,,,65,2,PADRAO,vitamina-d3,Vitamina D3 | MeJoy,imunidade;manipulado;moonjoy,Fórmula manipulada com qualidade e entrega nacional.,Vitamina D3,none,True,vitamina-d3,draft,89
MJOY-0090,Probiótico 5% + ativos,Intestino,Intestino,Solução Tópica,topical,100 mL,False,False,True,MENSAL,10,,,,,65,3,PADRAO,probiotico-5-ativos,Probiótico 5% + ativos | MeJoy,intestino;manipulado;moonjoy,Fórmula manipulada com qualidade e entrega nacional.,Probiótico 5% + ativos,none,True,probiotico,draft,90
MJOY-0091,Probiótico 300 mg,Intestino,Intestino,Cápsulas,caps,120 cápsulas,False,False,True,MENSAL,10,,,,,65,2,PADRAO,probiotico-300-mg-mjoy-0091,Probiótico 300 mg | MeJoy,intestino;manipulado;moonjoy,Fórmula manipulada com qualidade e entrega nacional.,Probiótico 300 mg,none,True,probiotico,draft,91
MJOY-0092,Psyllium,Emagrecimento & Metabolismo,Emagrecimento & Metabolismo,Pó,powder,200 g,False,False,True,MENSAL,10,,,,,65,2,PADRAO,psyllium,Psyllium | MeJoy,emagrecimento-&-metabolismo;manipulado;moonjoy,Fórmula manipulada com qualidade e entrega nacional.,Psyllium,none,True,psyllium,draft,92
MJOY-0093,Curcuma 600 mg,Articulações,Articulações,Gotas,drops,30 mL,False,False,True,MENSAL,10,,,,,65,2,PADRAO,curcuma-600-mg-mjoy-0093,Curcuma 600 mg | MeJoy,articulações;manipulado;moonjoy,Fórmula manipulada com qualidade e entrega nacional.,Curcuma 600 mg,none,True,curcuma,draft,93
MJOY-0094,Biotina 5% + ativos,Pele & Beleza,Pele & Beleza,Solução Tópica,topical,100 mL,False,False,True,MENSAL,10,,,,,65,3,PADRAO,biotina-5-ativos,Biotina 5% + ativos | MeJoy,pele-&-beleza;manipulado;moonjoy,Fórmula manipulada com qualidade e entrega nacional.,Biotina 5% + ativos,none,True,biotina,draft,94
MJOY-0095,Colágeno,Cabelo,Cabelo,Pó,powder,200 g,False,False,True,MENSAL,10,,,,,65,2,PADRAO,colageno,Colágeno | MeJoy,cabelo;manipulado;moonjoy,Fórmula manipulada com qualidade e entrega nacional.,Colágeno,none,True,colageno,draft,95
MJOY-0096,Inositol 100 mg,Ansiedade & Humor,Ansiedade & Humor,Cápsulas,caps,120 cápsulas,False,False,True,MENSAL,10,,,,,65,2,PADRAO,inositol-100-mg,Inositol 100 mg | MeJoy,ansiedade-&-humor;manipulado;moonjoy,Fórmula manipulada com qualidade e entrega nacional.,Inositol 100 mg,none,True,inositol,draft,96
MJOY-0097,Biotina 5 mg,Cabelo,Cabelo,Cápsulas,caps,120 cápsulas,False,False,True,MENSAL,10,,,,,65,2,PADRAO,biotina-5-mg-mjoy-0097,Biotina 5 mg | MeJoy,cabelo;manipulado;moonjoy,Fórmula manipulada com qualidade e entrega nacional.,Biotina 5 mg,none,True,biotina,draft,97
MJOY-0098,Silimarina 5% + ativos,Pele & Beleza,Pele & Beleza,Solução Tópica,topical,100 mL,False,False,True,MENSAL,10,,,,,65,3,PADRAO,silimarina-5-ativos-mjoy-0098,Silimarina 5% + ativos | MeJoy,pele-&-beleza;manipulado;moonjoy,Fórmula manipulada com qualidade e entrega nacional.,Silimarina 5% + ativos,none,True,silimarina,draft,98
MJOY-0099,Butirato,Intestino,Intestino,Pó,powder,200 g,False,False,True,MENSAL,10,,,,,65,2,PADRAO,butirato,Butirato | MeJoy,intestino;manipulado;moonjoy,Fórmula manipulada com qualidade e entrega nacional.,Butirato,none,True,butirato,draft,99
MJOY-0100,Boldo 5% + ativos,Detox & Fígado,Detox & Fígado,Solução Tópica,topical,100 mL,False,False,True,MENSAL,10,,,,,65,3,PADRAO,boldo-5-ativos,Boldo 5% + ativos | MeJoy,detox-&-fígado;manipulado;moonjoy,Fórmula manipulada com qualidade e entrega nacional.,Boldo 5% + ativos,none,True,boldo,draft,100
MJOY-0101,Inulina,Intestino,Intestino,Pó,powder,200 g,False,False,True,MENSAL,10,,,,,65,2,PADRAO,inulina,Inulina | MeJoy,intestino;manipulado;moonjoy,Fórmula manipulada com qualidade e entrega nacional.,Inulina,none,True,inulina,draft,101
MJOY-0102,Vitamina D3 5.000 UI,Imunidade,Imunidade,Cápsulas,caps,120 cápsulas,False,False,True,MENSAL,10,,,,,65,2,PADRAO,vitamina-d3-5-000-ui-mjoy-0102,Vitamina D3 5.000 UI | MeJoy,imunidade;manipulado;moonjoy,Fórmula manipulada com qualidade e entrega nacional.,Vitamina D3 5.000 UI,none,True,vitamina-d3,draft,102
MJOY-0103,Óleo De Hortelã-Pimenta 300 mg,Intestino,Intestino,Sachê,sachet,30 sachês,False,False,True,MENSAL,10,,,,,65,2,PADRAO,oleo-de-hortela-pimenta-300-mg,Óleo De Hortelã-Pimenta 300 mg | MeJoy,intestino;manipulado;moonjoy,Fórmula manipulada com qualidade e entrega nacional.,Óleo De Hortelã-Pimenta 300 mg,none,True,oleo-de-hortela-pimenta,draft,103
MJOY-0104,Chá Verde 500 mg,Emagrecimento & Metabolismo,Emagrecimento & Metabolismo,Gotas,drops,30 mL,False,False,True,MENSAL,10,,,,,65,2,PADRAO,cha-verde-500-mg,Chá Verde 500 mg | MeJoy,emagrecimento-&-metabolismo;manipulado;moonjoy,Fórmula manipulada com qualidade e entrega nacional.,Chá Verde 500 mg,none,True,cha-verde,draft,104
MJOY-0105,Creatina 200 g,Energia & Performance,Energia & Performance,Cápsulas,caps,120 cápsulas,False,False,True,MENSAL,10,,,,,65,2,PADRAO,creatina-200-g-mjoy-0105,Creatina 200 g | MeJoy,energia-&-performance;manipulado;moonjoy,Fórmula manipulada com qualidade e entrega nacional.,Creatina 200 g,none,True,creatina,draft,105
MJOY-0106,Resveratrol 100 mg,Detox & Fígado,Detox & Fígado,Cápsulas,caps,120 cápsulas,False,False,True,MENSAL,10,,,,,65,2,PADRAO,resveratrol-100-mg,Resveratrol 100 mg | MeJoy,detox-&-fígado;manipulado;moonjoy,Fórmula manipulada com qualidade e entrega nacional.,Resveratrol 100 mg,none,True,resveratrol,draft,106
MJOY-0107,Coenzima Q10,Energia & Performance,Energia & Performance,Pó,powder,200 g,False,False,True,MENSAL,10,,,,,65,2,PADRAO,coenzima-q10,Coenzima Q10 | MeJoy,energia-&-performance;manipulado;moonjoy,Fórmula manipulada com qualidade e entrega nacional.,Coenzima Q10,none,True,coenzima-q10,draft,107
MJOY-0108,Glucosamina 5% + ativos,Articulações,Articulações,Solução Tópica,topical,100 mL,False,False,True,MENSAL,10,,,,,65,3,PADRAO,glucosamina-5-ativos,Glucosamina 5% + ativos | MeJoy,articulações;manipulado;moonjoy,Fórmula manipulada com qualidade e entrega nacional.,Glucosamina 5% + ativos,none,True,glucosamina,draft,108
MJOY-0109,Resveratrol 5% + ativos,Pele & Beleza,Pele & Beleza,Solução Tópica,topical,100 mL,False,False,True,MENSAL,10,,,,,65,3,PADRAO,resveratrol-5-ativos,Resveratrol 5% + ativos | MeJoy,pele-&-beleza;manipulado;moonjoy,Fórmula manipulada com qualidade e entrega nacional.,Resveratrol 5% + ativos,none,True,resveratrol,draft,109
MJOY-0110,Magnésio Treonato 500 mg,Sono,Sono,Creme,cream,50 g,False,False,True,MENSAL,10,,,,,65,2,PADRAO,magnesio-treonato-500-mg,Magnésio Treonato 500 mg | MeJoy,sono;manipulado;moonjoy,Fórmula manipulada com qualidade e entrega nacional.,Magnésio Treonato 500 mg,none,True,magnesio-treonato,draft,110
MJOY-0111,Valeriana 5% + ativos,Sono,Sono,Solução Tópica,topical,100 mL,False,False,True,MENSAL,10,,,,,65,3,PADRAO,valeriana-5-ativos-mjoy-0111,Valeriana 5% + ativos | MeJoy,sono;manipulado;moonjoy,Fórmula manipulada com qualidade e entrega nacional.,Valeriana 5% + ativos,none,True,valeriana,draft,111
MJOY-0112,Resveratrol 500 mg,Pele & Beleza,Pele & Beleza,Sachê,sachet,30 sachês,False,False,True,MENSAL,10,,,,,65,2,PADRAO,resveratrol-500-mg-mjoy-0112,Resveratrol 500 mg | MeJoy,pele-&-beleza;manipulado;moonjoy,Fórmula manipulada com qualidade e entrega nacional.,Resveratrol 500 mg,none,True,resveratrol,draft,112
MJOY-0113,Psyllium 5% + ativos,Intestino,Intestino,Solução Tópica,topical,100 mL,False,False,True,MENSAL,10,,,,,65,3,PADRAO,psyllium-5-ativos,Psyllium 5% + ativos | MeJoy,intestino;manipulado;moonjoy,Fórmula manipulada com qualidade e entrega nacional.,Psyllium 5% + ativos,none,True,psyllium,draft,113
MJOY-0114,Enzimas Digestivas,Intestino,Intestino,Pó,powder,200 g,False,False,True,MENSAL,10,,,,,65,2,PADRAO,enzimas-digestivas-mjoy-0114,Enzimas Digestivas | MeJoy,intestino;manipulado;moonjoy,Fórmula manipulada com qualidade e entrega nacional.,Enzimas Digestivas,none,True,enzimas-digestivas,draft,114
MJOY-0115,Ácido Hialurônico 500 mg,Pele & Beleza,Pele & Beleza,Creme,cream,50 g,False,False,True,MENSAL,10,,,,,65,2,PADRAO,acido-hialuronico-500-mg,Ácido Hialurônico 500 mg | MeJoy,pele-&-beleza;manipulado;moonjoy,Fórmula manipulada com qualidade e entrega nacional.,Ácido Hialurônico 500 mg,none,True,acido-hialuronico,draft,115
MJOY-0116,Boldo 300 mg,Detox & Fígado,Detox & Fígado,Gotas,drops,30 mL,False,False,True,MENSAL,10,,,,,65,2,PADRAO,boldo-300-mg-mjoy-0116,Boldo 300 mg | MeJoy,detox-&-fígado;manipulado;moonjoy,Fórmula manipulada com qualidade e entrega nacional.,Boldo 300 mg,none,True,boldo,draft,116
MJOY-0117,L-Teanina 300 mg,Ansiedade & Humor,Ansiedade & Humor,Cápsulas,caps,120 cápsulas,False,False,True,MENSAL,10,,,,,65,2,PADRAO,l-teanina-300-mg-mjoy-0117,L-Teanina 300 mg | MeJoy,ansiedade-&-humor;manipulado;moonjoy,Fórmula manipulada com qualidade e entrega nacional.,L-Teanina 300 mg,none,True,l-teanina,draft,117
MJOY-0118,Curcuma 450 mg,Articulações,Articulações,Cápsulas,caps,60 cápsulas,False,False,True,MENSAL,10,,,,,65,2,PADRAO,curcuma-450-mg-mjoy-0118,Curcuma 450 mg | MeJoy,articulações;manipulado;moonjoy,Fórmula manipulada com qualidade e entrega nacional.,Curcuma 450 mg,none,True,curcuma,draft,118
MJOY-0119,Boldo,Detox & Fígado,Detox & Fígado,Pó,powder,200 g,False,False,True,MENSAL,10,,,,,65,2,PADRAO,boldo,Boldo | MeJoy,detox-&-fígado;manipulado;moonjoy,Fórmula manipulada com qualidade e entrega nacional.,Boldo,none,True,boldo,draft,119
MJOY-0120,Taurina 100 mg,Energia & Performance,Energia & Performance,Cápsulas,caps,120 cápsulas,False,False,True,MENSAL,10,,,,,65,2,PADRAO,taurina-100-mg-mjoy-0120,Taurina 100 mg | MeJoy,energia-&-performance;manipulado;moonjoy,Fórmula manipulada com qualidade e entrega nacional.,Taurina 100 mg,none,True,taurina,draft,120
MJOY-0121,Alcachofra,Detox & Fígado,Detox & Fígado,Pó,powder,200 g,False,False,True,MENSAL,10,,,,,65,2,PADRAO,alcachofra,Alcachofra | MeJoy,detox-&-fígado;manipulado;moonjoy,Fórmula manipulada com qualidade e entrega nacional.,Alcachofra,none,True,alcachofra,draft,121
MJOY-0122,Ashwagandha 500 mg,Ansiedade & Humor,Ansiedade & Humor,Cápsulas,caps,120 cápsulas,False,False,True,MENSAL,10,,,,,65,2,PADRAO,ashwagandha-500-mg,Ashwagandha 500 mg | MeJoy,ansiedade-&-humor;manipulado;moonjoy,Fórmula manipulada com qualidade e entrega nacional.,Ashwagandha 500 mg,none,True,ashwagandha,draft,122
MJOY-0123,L-Teanina 300 mg,Sono,Sono,Shampoo,shampoo,200 mL,False,False,True,MENSAL,10,,,,,65,2,PADRAO,l-teanina-300-mg-mjoy-0123,L-Teanina 300 mg | MeJoy,sono;manipulado;moonjoy,Fórmula manipulada com qualidade e entrega nacional.,L-Teanina 300 mg,none,True,l-teanina,draft,123
MJOY-0124,Saw Palmetto 160 mg,Hormonal & Libido,Hormonal & Libido,Cápsulas,caps,60 cápsulas,False,False,True,MENSAL,10,,,,,65,2,PADRAO,saw-palmetto-160-mg-mjoy-0124,Saw Palmetto 160 mg | MeJoy,hormonal-&-libido;manipulado;moonjoy,Fórmula manipulada com qualidade e entrega nacional.,Saw Palmetto 160 mg,none,True,saw-palmetto,draft,124
MJOY-0125,NAC 500 mg,Pele & Beleza,Pele & Beleza,Cápsulas,caps,60 cápsulas,False,False,True,MENSAL,10,,,,,65,2,PADRAO,nac-500-mg-mjoy-0125,NAC 500 mg | MeJoy,pele-&-beleza;manipulado;moonjoy,Fórmula manipulada com qualidade e entrega nacional.,NAC 500 mg,none,True,nac,draft,125
MJOY-0126,Msm 500 mg,Articulações,Articulações,Gotas,drops,30 mL,False,False,True,MENSAL,10,,,,,65,2,PADRAO,msm-500-mg,Msm 500 mg | MeJoy,articulações;manipulado;moonjoy,Fórmula manipulada com qualidade e entrega nacional.,Msm 500 mg,none,True,msm,draft,126
MJOY-0127,Citrulina 500 mg,Energia & Performance,Energia & Performance,Sachê,sachet,30 sachês,False,False,True,MENSAL,10,,,,,65,2,PADRAO,citrulina-500-mg-mjoy-0127,Citrulina 500 mg | MeJoy,energia-&-performance;manipulado;moonjoy,Fórmula manipulada com qualidade e entrega nacional.,Citrulina 500 mg,none,True,citrulina,draft,127
MJOY-0128,Glucosamina 100 mg,Articulações,Articulações,Shampoo,shampoo,200 mL,False,False,True,MENSAL,10,,,,,65,2,PADRAO,glucosamina-100-mg,Glucosamina 100 mg | MeJoy,articulações;manipulado;moonjoy,Fórmula manipulada com qualidade e entrega nacional.,Glucosamina 100 mg,none,True,glucosamina,draft,128
MJOY-0129,Maca Peruana 500 mg,Hormonal & Libido,Hormonal & Libido,Cápsulas,caps,120 cápsulas,False,False,True,MENSAL,10,,,,,65,2,PADRAO,maca-peruana-500-mg-mjoy-0129,Maca Peruana 500 mg | MeJoy,hormonal-&-libido;manipulado;moonjoy,Fórmula manipulada com qualidade e entrega nacional.,Maca Peruana 500 mg,none,True,maca-peruana,draft,129
MJOY-0130,Picolinato De Cromo 100 mg,Emagrecimento & Metabolismo,Emagrecimento & Metabolismo,Shampoo,shampoo,200 mL,False,False,True,MENSAL,10,,,,,65,2,PADRAO,picolinato-de-cromo-100-mg,Picolinato De Cromo 100 mg | MeJoy,emagrecimento-&-metabolismo;manipulado;moonjoy,Fórmula manipulada com qualidade e entrega nacional.,Picolinato De Cromo 100 mg,none,True,picolinato-de-cromo,draft,130
MJOY-0131,Curcuma 450 mg,Articulações,Articulações,Shampoo,shampoo,200 mL,False,False,True,MENSAL,10,,,,,65,2,PADRAO,curcuma-450-mg-mjoy-0131,Curcuma 450 mg | MeJoy,articulações;manipulado;moonjoy,Fórmula manipulada com qualidade e entrega nacional.,Curcuma 450 mg,none,True,curcuma,draft,131
MJOY-0132,Resveratrol,Detox & Fígado,Detox & Fígado,Pó,powder,200 g,False,False,True,MENSAL,10,,,,,65,2,PADRAO,resveratrol,Resveratrol | MeJoy,detox-&-fígado;manipulado;moonjoy,Fórmula manipulada com qualidade e entrega nacional.,Resveratrol,none,True,resveratrol,draft,132
MJOY-0133,Triptofano 500 mg,Ansiedade & Humor,Ansiedade & Humor,Cápsulas,caps,120 cápsulas,False,False,True,MENSAL,10,,,,,65,2,PADRAO,triptofano-500-mg,Triptofano 500 mg | MeJoy,ansiedade-&-humor;manipulado;moonjoy,Fórmula manipulada com qualidade e entrega nacional.,Triptofano 500 mg,none,True,triptofano,draft,133
MJOY-0134,Zinco 30 mg,Cabelo,Cabelo,Cápsulas,caps,60 cápsulas,False,False,True,MENSAL,10,,,,,65,2,PADRAO,zinco-30-mg-mjoy-0134,Zinco 30 mg | MeJoy,cabelo;manipulado;moonjoy,Fórmula manipulada com qualidade e entrega nacional.,Zinco 30 mg,none,True,zinco,draft,134
MJOY-0135,Colágeno 5% + ativos,Cabelo,Cabelo,Solução Tópica,topical,100 mL,False,False,True,MENSAL,10,,,,,65,3,PADRAO,colageno-5-ativos,Colágeno 5% + ativos | MeJoy,cabelo;manipulado;moonjoy,Fórmula manipulada com qualidade e entrega nacional.,Colágeno 5% + ativos,none,True,colageno,draft,135
MJOY-0136,Taurina 300 mg,Energia & Performance,Energia & Performance,Cápsulas,caps,120 cápsulas,False,False,True,MENSAL,10,,,,,65,2,PADRAO,taurina-300-mg,Taurina 300 mg | MeJoy,energia-&-performance;manipulado;moonjoy,Fórmula manipulada com qualidade e entrega nacional.,Taurina 300 mg,none,True,taurina,draft,136
MJOY-0137,Msm 100 mg,Articulações,Articulações,Gotas,drops,30 mL,False,False,True,MENSAL,10,,,,,65,2,PADRAO,msm-100-mg,Msm 100 mg | MeJoy,articulações;manipulado;moonjoy,Fórmula manipulada com qualidade e entrega nacional.,Msm 100 mg,none,True,msm,draft,137
MJOY-0138,Silimarina 500 mg,Detox & Fígado,Detox & Fígado,Sachê,sachet,30 sachês,False,False,True,MENSAL,10,,,,,65,2,PADRAO,silimarina-500-mg-mjoy-0138,Silimarina 500 mg | MeJoy,detox-&-fígado;manipulado;moonjoy,Fórmula manipulada com qualidade e entrega nacional.,Silimarina 500 mg,none,True,silimarina,draft,138
MJOY-0139,Melatonina 5 mg,Sono,Sono,Shampoo,shampoo,200 mL,False,False,True,MENSAL,10,,,,,65,2,PADRAO,melatonina-5-mg,Melatonina 5 mg | MeJoy,sono;manipulado;moonjoy,Fórmula manipulada com qualidade e entrega nacional.,Melatonina 5 mg,none,True,melatonina,draft,139
MJOY-0140,Ômega-3 5% + ativos,Articulações,Articulações,Solução Tópica,topical,100 mL,False,False,True,MENSAL,10,,,,,65,3,PADRAO,omega-3-5-ativos,Ômega-3 5% + ativos | MeJoy,articulações;manipulado;moonjoy,Fórmula manipulada com qualidade e entrega nacional.,Ômega-3 5% + ativos,none,True,omega-3,draft,140
MJOY-0141,Inibidor De Apetite (Fibras) 5% + ativos,Emagrecimento & Metabolismo,Emagrecimento & Metabolismo,Solução Tópica,topical,100 mL,False,False,True,MENSAL,10,,,,,65,3,PADRAO,inibidor-de-apetite-fibras-5-ativos-mjoy-0141,Inibidor De Apetite (Fibras) 5% + ativos | MeJoy,emagrecimento-&-metabolismo;manipulado;moonjoy,Fórmula manipulada com qualidade e entrega nacional.,Inibidor De Apetite (Fibras) 5% + ativos,none,True,inibidor-de-apetite-fibras,draft,141
MJOY-0142,Enzimas Digestivas,Intestino,Intestino,Pó,powder,200 g,False,False,True,MENSAL,10,,,,,65,2,PADRAO,enzimas-digestivas-mjoy-0142,Enzimas Digestivas | MeJoy,intestino;manipulado;moonjoy,Fórmula manipulada com qualidade e entrega nacional.,Enzimas Digestivas,none,True,enzimas-digestivas,draft,142
MJOY-0143,Biotina 5 mg,Cabelo,Cabelo,Sachê,sachet,30 sachês,False,False,True,MENSAL,10,,,,,65,2,PADRAO,biotina-5-mg-mjoy-0143,Biotina 5 mg | MeJoy,cabelo;manipulado;moonjoy,Fórmula manipulada com qualidade e entrega nacional.,Biotina 5 mg,none,True,biotina,draft,143
MJOY-0144,Zinco 30 mg,Imunidade,Imunidade,Sachê,sachet,30 sachês,False,False,True,MENSAL,10,,,,,65,2,PADRAO,zinco-30-mg-mjoy-0144,Zinco 30 mg | MeJoy,imunidade;manipulado;moonjoy,Fórmula manipulada com qualidade e entrega nacional.,Zinco 30 mg,none,True,zinco,draft,144
MJOY-0145,Berberina 500 mg,Emagrecimento & Metabolismo,Emagrecimento & Metabolismo,Shampoo,shampoo,200 mL,False,False,True,MENSAL,10,,,,,65,2,PADRAO,berberina-500-mg-mjoy-0145,Berberina 500 mg | MeJoy,emagrecimento-&-metabolismo;manipulado;moonjoy,Fórmula manipulada com qualidade e entrega nacional.,Berberina 500 mg,none,True,berberina,draft,145
MJOY-0146,L-Teanina 100 mg,Ansiedade & Humor,Ansiedade & Humor,Creme,cream,50 g,False,False,True,MENSAL,10,,,,,65,2,PADRAO,l-teanina-100-mg,L-Teanina 100 mg | MeJoy,ansiedade-&-humor;manipulado;moonjoy,Fórmula manipulada com qualidade e entrega nacional.,L-Teanina 100 mg,none,True,l-teanina,draft,146
MJOY-0147,Biotina 5 mg,Pele & Beleza,Pele & Beleza,Cápsulas,caps,120 cápsulas,False,False,True,MENSAL,10,,,,,65,2,PADRAO,biotina-5-mg-mjoy-0147,Biotina 5 mg | MeJoy,pele-&-beleza;manipulado;moonjoy,Fórmula manipulada com qualidade e entrega nacional.,Biotina 5 mg,none,True,biotina,draft,147
MJOY-0148,Colágeno Tipo Ii 300 mg,Articulações,Articulações,Shampoo,shampoo,200 mL,False,False,True,MENSAL,10,,,,,65,2,PADRAO,colageno-tipo-ii-300-mg,Colágeno Tipo Ii 300 mg | MeJoy,articulações;manipulado;moonjoy,Fórmula manipulada com qualidade e entrega nacional.,Colágeno Tipo Ii 300 mg,none,True,colageno-tipo-ii,draft,148
MJOY-0149,Glicina 100 mg,Sono,Sono,Cápsulas,caps,60 cápsulas,False,False,True,MENSAL,10,,,,,65,2,PADRAO,glicina-100-mg-mjoy-0149,Glicina 100 mg | MeJoy,sono;manipulado;moonjoy,Fórmula manipulada com qualidade e entrega nacional.,Glicina 100 mg,none,True,glicina,draft,149
MJOY-0150,Curcuma 600 mg,Articulações,Articulações,Cápsulas,caps,60 cápsulas,False,False,True,MENSAL,10,,,,,65,2,PADRAO,curcuma-600-mg-mjoy-0150,Curcuma 600 mg | MeJoy,articulações;manipulado;moonjoy,Fórmula manipulada com qualidade e entrega nacional.,Curcuma 600 mg,none,True,curcuma,draft,150
MJOY-0151,Creatina 200 g,Energia & Performance,Energia & Performance,Shampoo,shampoo,200 mL,False,False,True,MENSAL,10,,,,,65,2,PADRAO,creatina-200-g-mjoy-0151,Creatina 200 g | MeJoy,energia-&-performance;manipulado;moonjoy,Fórmula manipulada com qualidade e entrega nacional.,Creatina 200 g,none,True,creatina,draft,151
MJOY-0152,Zinco 5% + ativos,Cabelo,Cabelo,Solução Tópica,topical,100 mL,False,False,True,MENSAL,10,,,,,65,3,PADRAO,zinco-5-ativos,Zinco 5% + ativos | MeJoy,cabelo;manipulado;moonjoy,Fórmula manipulada com qualidade e entrega nacional.,Zinco 5% + ativos,none,True,zinco,draft,152
MJOY-0153,L-Carnitina 500 mg,Energia & Performance,Energia & Performance,Sachê,sachet,30 sachês,False,False,True,MENSAL,10,,,,,65,2,PADRAO,l-carnitina-500-mg,L-Carnitina 500 mg | MeJoy,energia-&-performance;manipulado;moonjoy,Fórmula manipulada com qualidade e entrega nacional.,L-Carnitina 500 mg,none,True,l-carnitina,draft,153
MJOY-0154,Peptídeos 100 mg,Cabelo,Cabelo,Shampoo,shampoo,200 mL,False,False,True,MENSAL,10,,,,,65,2,PADRAO,peptideos-100-mg,Peptídeos 100 mg | MeJoy,cabelo;manipulado;moonjoy,Fórmula manipulada com qualidade e entrega nacional.,Peptídeos 100 mg,none,True,peptideos,draft,154
MJOY-0155,Inulina 500 mg,Intestino,Intestino,Creme,cream,50 g,False,False,True,MENSAL,10,,,,,65,2,PADRAO,inulina-500-mg,Inulina 500 mg | MeJoy,intestino;manipulado;moonjoy,Fórmula manipulada com qualidade e entrega nacional.,Inulina 500 mg,none,True,inulina,draft,155
MJOY-0156,Colágeno 500 mg,Pele & Beleza,Pele & Beleza,Creme,cream,50 g,False,False,True,MENSAL,10,,,,,65,2,PADRAO,colageno-500-mg-mjoy-0156,Colágeno 500 mg | MeJoy,pele-&-beleza;manipulado;moonjoy,Fórmula manipulada com qualidade e entrega nacional.,Colágeno 500 mg,none,True,colageno,draft,156
MJOY-0157,Zinco 30 mg,Hormonal & Libido,Hormonal & Libido,Creme,cream,50 g,False,False,True,MENSAL,10,,,,,65,2,PADRAO,zinco-30-mg-mjoy-0157,Zinco 30 mg | MeJoy,hormonal-&-libido;manipulado;moonjoy,Fórmula manipulada com qualidade e entrega nacional.,Zinco 30 mg,none,True,zinco,draft,157
MJOY-0158,L-Teanina 300 mg,Ansiedade & Humor,Ansiedade & Humor,Cápsulas,caps,60 cápsulas,False,False,True,MENSAL,10,,,,,65,2,PADRAO,l-teanina-300-mg-mjoy-0158,L-Teanina 300 mg | MeJoy,ansiedade-&-humor;manipulado;moonjoy,Fórmula manipulada com qualidade e entrega nacional.,L-Teanina 300 mg,none,True,l-teanina,draft,158
MJOY-0159,Valeriana 500 mg,Sono,Sono,Shampoo,shampoo,200 mL,False,False,True,MENSAL,10,,,,,65,2,PADRAO,valeriana-500-mg-mjoy-0159,Valeriana 500 mg | MeJoy,sono;manipulado;moonjoy,Fórmula manipulada com qualidade e entrega nacional.,Valeriana 500 mg,none,True,valeriana,draft,159
MJOY-0160,Silimarina 100 mg,Detox & Fígado,Detox & Fígado,Shampoo,shampoo,200 mL,False,False,True,MENSAL,10,,,,,65,2,PADRAO,silimarina-100-mg,Silimarina 100 mg | MeJoy,detox-&-fígado;manipulado;moonjoy,Fórmula manipulada com qualidade e entrega nacional.,Silimarina 100 mg,none,True,silimarina,draft,160
MJOY-0161,Glucosamina 300 mg,Articulações,Articulações,Sachê,sachet,30 sachês,False,False,True,MENSAL,10,,,,,65,2,PADRAO,glucosamina-300-mg,Glucosamina 300 mg | MeJoy,articulações;manipulado;moonjoy,Fórmula manipulada com qualidade e entrega nacional.,Glucosamina 300 mg,none,True,glucosamina,draft,161
MJOY-0162,Dhea (Sob Avaliação) 100 mg,Hormonal & Libido,Hormonal & Libido,Sachê,sachet,30 sachês,True,True,True,MENSAL,10,,,,,65,2,PADRAO,dhea-sob-avaliacao-100-mg,Dhea (Sob Avaliação) 100 mg | MeJoy,hormonal-&-libido;manipulado;moonjoy,Fórmula manipulada com qualidade e entrega nacional.,Dhea (Sob Avaliação) 100 mg,rx_upload,True,dhea-sob-avaliacao,draft,162
MJOY-0163,Biotina,Cabelo,Cabelo,Pó,powder,200 g,False,False,True,MENSAL,10,,,,,65,2,PADRAO,biotina,Biotina | MeJoy,cabelo;manipulado;moonjoy,Fórmula manipulada com qualidade e entrega nacional.,Biotina,none,True,biotina,draft,163
MJOY-0164,5-HTP 300 mg,Ansiedade & Humor,Ansiedade & Humor,Gotas,drops,30 mL,False,False,True,MENSAL,10,,,,,65,2,PADRAO,5-htp-300-mg,5-HTP 300 mg | MeJoy,ansiedade-&-humor;manipulado;moonjoy,Fórmula manipulada com qualidade e entrega nacional.,5-HTP 300 mg,none,True,5-htp,draft,164
MJOY-0165,Triptofano 100 mg,Ansiedade & Humor,Ansiedade & Humor,Sachê,sachet,30 sachês,False,False,True,MENSAL,10,,,,,65,2,PADRAO,triptofano-100-mg,Triptofano 100 mg | MeJoy,ansiedade-&-humor;manipulado;moonjoy,Fórmula manipulada com qualidade e entrega nacional.,Triptofano 100 mg,none,True,triptofano,draft,165
MJOY-0166,Peptídeos 5% + ativos,Cabelo,Cabelo,Solução Tópica,topical,100 mL,False,False,True,MENSAL,10,,,,,65,3,PADRAO,peptideos-5-ativos,Peptídeos 5% + ativos | MeJoy,cabelo;manipulado;moonjoy,Fórmula manipulada com qualidade e entrega nacional.,Peptídeos 5% + ativos,none,True,peptideos,draft,166
MJOY-0167,L-Carnitina 100 mg,Energia & Performance,Energia & Performance,Creme,cream,50 g,False,False,True,MENSAL,10,,,,,65,2,PADRAO,l-carnitina-100-mg-mjoy-0167,L-Carnitina 100 mg | MeJoy,energia-&-performance;manipulado;moonjoy,Fórmula manipulada com qualidade e entrega nacional.,L-Carnitina 100 mg,none,True,l-carnitina,draft,167
MJOY-0168,Probiótico 300 mg,Intestino,Intestino,Gotas,drops,30 mL,False,False,True,MENSAL,10,,,,,65,2,PADRAO,probiotico-300-mg-mjoy-0168,Probiótico 300 mg | MeJoy,intestino;manipulado;moonjoy,Fórmula manipulada com qualidade e entrega nacional.,Probiótico 300 mg,none,True,probiotico,draft,168
MJOY-0169,Probiótico 100 mg,Intestino,Intestino,Cápsulas,caps,120 cápsulas,False,False,True,MENSAL,10,,,,,65,2,PADRAO,probiotico-100-mg,Probiótico 100 mg | MeJoy,intestino;manipulado;moonjoy,Fórmula manipulada com qualidade e entrega nacional.,Probiótico 100 mg,none,True,probiotico,draft,169
MJOY-0170,Silimarina 5% + ativos,Pele & Beleza,Pele & Beleza,Solução Tópica,topical,100 mL,False,False,True,MENSAL,10,,,,,65,3,PADRAO,silimarina-5-ativos-mjoy-0170,Silimarina 5% + ativos | MeJoy,pele-&-beleza;manipulado;moonjoy,Fórmula manipulada com qualidade e entrega nacional.,Silimarina 5% + ativos,none,True,silimarina,draft,170
MJOY-0171,NAC 100 mg,Detox & Fígado,Detox & Fígado,Sachê,sachet,30 sachês,False,False,True,MENSAL,10,,,,,65,2,PADRAO,nac-100-mg,NAC 100 mg | MeJoy,detox-&-fígado;manipulado;moonjoy,Fórmula manipulada com qualidade e entrega nacional.,NAC 100 mg,none,True,nac,draft,171
MJOY-0172,L-Teanina 300 mg,Sono,Sono,Gotas,drops,30 mL,False,False,True,MENSAL,10,,,,,65,2,PADRAO,l-teanina-300-mg-mjoy-0172,L-Teanina 300 mg | MeJoy,sono;manipulado;moonjoy,Fórmula manipulada com qualidade e entrega nacional.,L-Teanina 300 mg,none,True,l-teanina,draft,172
MJOY-0173,Boldo 300 mg,Detox & Fígado,Detox & Fígado,Cápsulas,caps,120 cápsulas,False,False,True,MENSAL,10,,,,,65,2,PADRAO,boldo-300-mg-mjoy-0173,Boldo 300 mg | MeJoy,detox-&-fígado;manipulado;moonjoy,Fórmula manipulada com qualidade e entrega nacional.,Boldo 300 mg,none,True,boldo,draft,173
MJOY-0174,Valeriana 5% + ativos,Sono,Sono,Solução Tópica,topical,100 mL,False,False,True,MENSAL,10,,,,,65,3,PADRAO,valeriana-5-ativos-mjoy-0174,Valeriana 5% + ativos | MeJoy,sono;manipulado;moonjoy,Fórmula manipulada com qualidade e entrega nacional.,Valeriana 5% + ativos,none,True,valeriana,draft,174
MJOY-0175,Vitamina D3 10.000 UI,Cabelo,Cabelo,Cápsulas,caps,120 cápsulas,False,False,True,MENSAL,10,,,,,65,2,PADRAO,vitamina-d3-10-000-ui,Vitamina D3 10.000 UI | MeJoy,cabelo;manipulado;moonjoy,Fórmula manipulada com qualidade e entrega nacional.,Vitamina D3 10.000 UI,none,True,vitamina-d3,draft,175
MJOY-0176,Berberina 500 mg,Emagrecimento & Metabolismo,Emagrecimento & Metabolismo,Cápsulas,caps,60 cápsulas,False,False,True,MENSAL,10,,,,,65,2,PADRAO,berberina-500-mg-mjoy-0176,Berberina 500 mg | MeJoy,emagrecimento-&-metabolismo;manipulado;moonjoy,Fórmula manipulada com qualidade e entrega nacional.,Berberina 500 mg,none,True,berberina,draft,176
MJOY-0177,Ácido Hialurônico 300 mg,Pele & Beleza,Pele & Beleza,Gotas,drops,30 mL,False,False,True,MENSAL,10,,,,,65,2,PADRAO,acido-hialuronico-300-mg,Ácido Hialurônico 300 mg | MeJoy,pele-&-beleza;manipulado;moonjoy,Fórmula manipulada com qualidade e entrega nacional.,Ácido Hialurônico 300 mg,none,True,acido-hialuronico,draft,177
MJOY-0178,Biotina 5 mg,Pele & Beleza,Pele & Beleza,Creme,cream,50 g,False,False,True,MENSAL,10,,,,,65,2,PADRAO,biotina-5-mg-mjoy-0178,Biotina 5 mg | MeJoy,pele-&-beleza;manipulado;moonjoy,Fórmula manipulada com qualidade e entrega nacional.,Biotina 5 mg,none,True,biotina,draft,178
MJOY-0179,Curcuma 600 mg,Articulações,Articulações,Gotas,drops,30 mL,False,False,True,MENSAL,10,,,,,65,2,PADRAO,curcuma-600-mg-mjoy-0179,Curcuma 600 mg | MeJoy,articulações;manipulado;moonjoy,Fórmula manipulada com qualidade e entrega nacional.,Curcuma 600 mg,none,True,curcuma,draft,179
MJOY-0180,Ashwagandha 100 mg,Ansiedade & Humor,Ansiedade & Humor,Creme,cream,50 g,False,False,True,MENSAL,10,,,,,65,2,PADRAO,ashwagandha-100-mg,Ashwagandha 100 mg | MeJoy,ansiedade-&-humor;manipulado;moonjoy,Fórmula manipulada com qualidade e entrega nacional.,Ashwagandha 100 mg,none,True,ashwagandha,draft,180
MJOY-0181,Colágeno 500 mg,Pele & Beleza,Pele & Beleza,Cápsulas,caps,120 cápsulas,False,False,True,MENSAL,10,,,,,65,2,PADRAO,colageno-500-mg-mjoy-0181,Colágeno 500 mg | MeJoy,pele-&-beleza;manipulado;moonjoy,Fórmula manipulada com qualidade e entrega nacional.,Colágeno 500 mg,none,True,colageno,draft,181
MJOY-0182,Butirato 5% + ativos,Intestino,Intestino,Solução Tópica,topical,100 mL,False,False,True,MENSAL,10,,,,,65,3,PADRAO,butirato-5-ativos,Butirato 5% + ativos | MeJoy,intestino;manipulado;moonjoy,Fórmula manipulada com qualidade e entrega nacional.,Butirato 5% + ativos,none,True,butirato,draft,182
MJOY-0183,Curcuma,Articulações,Articulações,Pó,powder,200 g,False,False,True,MENSAL,10,,,,,65,2,PADRAO,curcuma,Curcuma | MeJoy,articulações;manipulado;moonjoy,Fórmula manipulada com qualidade e entrega nacional.,Curcuma,none,True,curcuma,draft,183
MJOY-0184,NAC 300 mg,Pele & Beleza,Pele & Beleza,Shampoo,shampoo,200 mL,False,False,True,MENSAL,10,,,,,65,2,PADRAO,nac-300-mg-mjoy-0184,NAC 300 mg | MeJoy,pele-&-beleza;manipulado;moonjoy,Fórmula manipulada com qualidade e entrega nacional.,NAC 300 mg,none,True,nac,draft,184
MJOY-0185,Selênio 300 mg,Imunidade,Imunidade,Gotas,drops,30 mL,False,False,True,MENSAL,10,,,,,65,2,PADRAO,selenio-300-mg,Selênio 300 mg | MeJoy,imunidade;manipulado;moonjoy,Fórmula manipulada com qualidade e entrega nacional.,Selênio 300 mg,none,True,selenio,draft,185
MJOY-0186,Quercetina 500 mg,Imunidade,Imunidade,Shampoo,shampoo,200 mL,False,False,True,MENSAL,10,,,,,65,2,PADRAO,quercetina-500-mg-mjoy-0186,Quercetina 500 mg | MeJoy,imunidade;manipulado;moonjoy,Fórmula manipulada com qualidade e entrega nacional.,Quercetina 500 mg,none,True,quercetina,draft,186
MJOY-0187,NAC 500 mg,Detox & Fígado,Detox & Fígado,Creme,cream,50 g,False,False,True,MENSAL,10,,,,,65,2,PADRAO,nac-500-mg-mjoy-0187,NAC 500 mg | MeJoy,detox-&-fígado;manipulado;moonjoy,Fórmula manipulada com qualidade e entrega nacional.,NAC 500 mg,none,True,nac,draft,187
MJOY-0188,Berberina 500 mg,Emagrecimento & Metabolismo,Emagrecimento & Metabolismo,Creme,cream,50 g,False,False,True,MENSAL,10,,,,,65,2,PADRAO,berberina-500-mg-mjoy-0188,Berberina 500 mg | MeJoy,emagrecimento-&-metabolismo;manipulado;moonjoy,Fórmula manipulada com qualidade e entrega nacional.,Berberina 500 mg,none,True,berberina,draft,188
MJOY-0189,L-Carnitina 100 mg,Energia & Performance,Energia & Performance,Shampoo,shampoo,200 mL,False,False,True,MENSAL,10,,,,,65,2,PADRAO,l-carnitina-100-mg-mjoy-0189,L-Carnitina 100 mg | MeJoy,energia-&-performance;manipulado;moonjoy,Fórmula manipulada com qualidade e entrega nacional.,L-Carnitina 100 mg,none,True,l-carnitina,draft,189
MJOY-0190,Glutamina 300 mg,Intestino,Intestino,Cápsulas,caps,120 cápsulas,False,False,True,MENSAL,10,,,,,65,2,PADRAO,glutamina-300-mg,Glutamina 300 mg | MeJoy,intestino;manipulado;moonjoy,Fórmula manipulada com qualidade e entrega nacional.,Glutamina 300 mg,none,True,glutamina,draft,190
MJOY-0191,Multivitamínico 500 mg,Imunidade,Imunidade,Shampoo,shampoo,200 mL,False,False,True,MENSAL,10,,,,,65,2,PADRAO,multivitaminico-500-mg,Multivitamínico 500 mg | MeJoy,imunidade;manipulado;moonjoy,Fórmula manipulada com qualidade e entrega nacional.,Multivitamínico 500 mg,none,True,multivitaminico,draft,191
MJOY-0192,Inibidor De Apetite (Fibras) 5% + ativos,Emagrecimento & Metabolismo,Emagrecimento & Metabolismo,Solução Tópica,topical,100 mL,False,False,True,MENSAL,10,,,,,65,3,PADRAO,inibidor-de-apetite-fibras-5-ativos-mjoy-0192,Inibidor De Apetite (Fibras) 5% + ativos | MeJoy,emagrecimento-&-metabolismo;manipulado;moonjoy,Fórmula manipulada com qualidade e entrega nacional.,Inibidor De Apetite (Fibras) 5% + ativos,none,True,inibidor-de-apetite-fibras,draft,192
MJOY-0193,Ácido Hialurônico 5% + ativos,Pele & Beleza,Pele & Beleza,Solução Tópica,topical,100 mL,False,False,True,MENSAL,10,,,,,65,3,PADRAO,acido-hialuronico-5-ativos,Ácido Hialurônico 5% + ativos | MeJoy,pele-&-beleza;manipulado;moonjoy,Fórmula manipulada com qualidade e entrega nacional.,Ácido Hialurônico 5% + ativos,none,True,acido-hialuronico,draft,193
MJOY-0194,Tribulus Terrestris 500 mg (40% saponinas),Hormonal & Libido,Hormonal & Libido,Sachê,sachet,30 sachês,False,False,True,MENSAL,10,,,,,65,2,PADRAO,tribulus-terrestris-500-mg-40-saponinas-mjoy-0194,Tribulus Terrestris 500 mg (40% saponinas) | MeJoy,hormonal-&-libido;manipulado;moonjoy,Fórmula manipulada com qualidade e entrega nacional.,Tribulus Terrestris 500 mg (40% saponinas),none,True,tribulus-terrestris,draft,194
MJOY-0195,Creatina 200 g,Energia & Performance,Energia & Performance,Creme,cream,50 g,False,False,True,MENSAL,10,,,,,65,2,PADRAO,creatina-200-g-mjoy-0195,Creatina 200 g | MeJoy,energia-&-performance;manipulado;moonjoy,Fórmula manipulada com qualidade e entrega nacional.,Creatina 200 g,none,True,creatina,draft,195
MJOY-0196,Colina 5% + ativos,Detox & Fígado,Detox & Fígado,Solução Tópica,topical,100 mL,False,False,True,MENSAL,10,,,,,65,3,PADRAO,colina-5-ativos,Colina 5% + ativos | MeJoy,detox-&-fígado;manipulado;moonjoy,Fórmula manipulada com qualidade e entrega nacional.,Colina 5% + ativos,none,True,colina,draft,196
MJOY-0197,Psyllium 300 g,Emagrecimento & Metabolismo,Emagrecimento & Metabolismo,Shampoo,shampoo,200 mL,False,False,True,MENSAL,10,,,,,65,2,PADRAO,psyllium-300-g-mjoy-0197,Psyllium 300 g | MeJoy,emagrecimento-&-metabolismo;manipulado;moonjoy,Fórmula manipulada com qualidade e entrega nacional.,Psyllium 300 g,none,True,psyllium,draft,197
MJOY-0198,Resveratrol 500 mg,Pele & Beleza,Pele & Beleza,Cápsulas,caps,120 cápsulas,False,False,True,MENSAL,10,,,,,65,2,PADRAO,resveratrol-500-mg-mjoy-0198,Resveratrol 500 mg | MeJoy,pele-&-beleza;manipulado;moonjoy,Fórmula manipulada com qualidade e entrega nacional.,Resveratrol 500 mg,none,True,resveratrol,draft,198
MJOY-0199,Saw Palmetto 160 mg,Hormonal & Libido,Hormonal & Libido,Cápsulas,caps,120 cápsulas,False,False,True,MENSAL,10,,,,,65,2,PADRAO,saw-palmetto-160-mg-mjoy-0199,Saw Palmetto 160 mg | MeJoy,hormonal-&-libido;manipulado;moonjoy,Fórmula manipulada com qualidade e entrega nacional.,Saw Palmetto 160 mg,none,True,saw-palmetto,draft,199
MJOY-0200,Óleo De Hortelã-Pimenta,Intestino,Intestino,Pó,powder,200 g,False,False,True,MENSAL,10,,,,,65,2,PADRAO,oleo-de-hortela-pimenta,Óleo De Hortelã-Pimenta | MeJoy,intestino;manipulado;moonjoy,Fórmula manipulada com qualidade e entrega nacional.,Óleo De Hortelã-Pimenta,none,True,oleo-de-hortela-pimenta,draft,200
